Property Name,Offering ID #,Purchase Price,Total Outstanding Shares,Full Address,Market,Sourcing Fee,Operating and Capital Reserves,Initial Series Escrow Close Date,Actual v. PF Rent,Property Status,Current Lease Start Date,IPO Date,First Share Price Date,Property Improvements,Rental Type,PQA Filing: PQA Filing,SF,Bedrooms,Total Bathrooms,Year Built,Term Loan to Cost,Share Count
Centennial,,,,"726 Centennial St, Gastonia, NC 28056",Charlotte,,,,,,,9/20/2021,3/31/2022,,Long Term,,1893,3.0,2.5,2013,66.67,"11,830"
Lierly,1,215000,"9,456","4203 W Lierly Ln, Fayetteville, AR 72704",Northwest Arkansas,0,0,5/4/2021,375,Occupied,8/1/2023,2/18/2021,3/31/2022,0,Long Term,"Arrived Homes, LLC Filing 0",1827,3.0,2,2010,60.98,"9,456"
Soapstone,2,220000,10002,"4672 W Soapstone Dr, Fayetteville, AR 72704",Northwest Arkansas,0,0,5/4/2021,250,Occupied,7/14/2023,2/18/2021,3/31/2022,0,Long Term,"Arrived Homes, LLC Filing 0",1940,3.0,2,2006,58.3,"10,002"
Patrick,4,210205,11309,"4309 W Patrick St, Fayetteville, AR 72704",Northwest Arkansas,0,0,5/4/2021,245,Occupied,3/1/2024,2/18/2021,3/31/2022,12250,Long Term,"Arrived Homes, LLC Filing 0",1575,3.0,2,1996,51.52,"11,309"
Pecan,3,208495,10691,"4481 W Pecan St, Fayetteville, AR 72704",Northwest Arkansas,0,0,5/4/2021,300,Occupied,5/15/2023,2/18/2021,3/31/2022,3000,Long Term,"Arrived Homes, LLC Filing 0",1650,3.0,2,2013,54.13,"10,691"
Plumtree,5,202950,10881,"4455 W Chaparral Ln, Fayetteville, AR 72704",Northwest Arkansas,0,0,5/7/2021,215,Occupied,1/31/2024,2/18/2021,3/31/2022,6000,Long Term,"Arrived Homes, LLC Filing 0",1490,3.0,2,1996,54.77,"10,881"
Chaparral,6,197965,10479,"4309 W Chaparral Ln, Fayetteville, AR 72704",Northwest Arkansas,0,0,5/7/2021,345,Occupied,5/28/2024,2/18/2021,3/31/2022,8000,Long Term,"Arrived Homes, LLC Filing 0",1512,3.0,2,1994,52.69,"10,479"
Lallie,24,370000,15854,"210 Ilderton St, Summerville, SC 29483",Charleston,20016,7879,10/20/2021,,Vacant Unrented Ready,,9/20/2021,3/31/2022,2000,Long Term,"Arrived Homes, LLC Filing 1",2460,3.0,2.5,2020,65,"15,854"
Summerset,27,255000,11666,"2016 Culloden Dr, Summerville, SC 29483",Charleston,14659,5457,10/21/2021,250,Occupied,10/20/2023,9/20/2021,3/31/2022,2000,Long Term,"Arrived Homes, LLC Filing 1",1560,4.0,2,2010,65,"11,666"
Spencer,26,300000,13807,"9621 Spencer Woods Rd, Ladson, SC 29456",Charleston,16755,6401,10/19/2021,154,Occupied,5/12/2023,9/20/2021,3/31/2022,2000,Long Term,"Arrived Homes, LLC Filing 1",2123,3.0,2.5,2013,65,"13,807"
Windsor,36,350000,15491,"3910 Greico Rd, North Charleston, SC 29420",Charleston,15584,7389,10/18/2021,45,Occupied,11/27/2024,9/20/2021,3/31/2022,2000,Long Term,"Arrived Homes, LLC Filing 1",2516,4.0,2.5,2017,65,"15,491"
Roseberry,35,325000,14622,"5013 Paddy Field Way, Ladson, SC 29456",Charleston,14669,6867,10/20/2021,100,Occupied,9/17/2023,9/20/2021,3/31/2022,2000,Long Term,"Arrived Homes, LLC Filing 1",2289,4.0,2.5,2018,65,"14,622"
Kingsley,14,315000,12620,"505 Kingsley View Rd, Blythewood, SC 29016",Columbia,9753,6563,10/18/2021,0,Occupied,7/16/2023,9/20/2021,3/31/2022,2000,Long Term,"Arrived Homes, LLC Filing 1",2890,4.0,2.5,2018,68.25,"12,620"
Eastfair,18,215000,8463,"461 Eastfair Dr, Columbia, SC 29209",Columbia,8345,4525,10/20/2021,154,Occupied,12/18/2023,9/20/2021,3/31/2022,2000,Long Term,"Arrived Homes, LLC Filing 1",1794,4.0,2.5,2017,69.77,"8,463"
Luna,13,215000,8976,"417 Hosea Ct, Lexington, SC 29072",Columbia,12795,4615,10/18/2021,145,Occupied,6/1/2024,9/20/2021,3/31/2022,2000,Long Term,"Arrived Homes, LLC Filing 1",1697,3.0,2.5,2016,69.77,"8,976"
Dewberry,25,190000,9163,"130 Bonhomme Cir, Lexington, SC 29072",Columbia,11631,4092,10/25/2021,200,Occupied,10/29/2024,9/20/2021,3/31/2022,2000,Long Term,"Arrived Homes, LLC Filing 1",1390,3.0,2.5,2014,63.8,"9,163"
Badminton,17,255000,10764,"414 Badminton Ct, Lexington, SC 29072",Columbia,14659,5460,10/20/2021,200,Occupied,10/16/2023,9/20/2021,3/31/2022,2000,Long Term,"Arrived Homes, LLC Filing 1",2521,4.0,2.5,2016,68.31,"10,764"
Holloway,16,340000,14754,"601 W Czardas Way, Woodruff, SC 29388",Greenville-Spartanburg,10418,7081,10/20/2021,100,Occupied,8/9/2023,9/20/2021,3/31/2022,2000,Long Term,"Arrived Homes, LLC Filing 1",3156,5.0,4,2015,65,"14,754"
Basil,23,202500,9454,"317 Morning Creek Dr, Easley, SC 29640",Greenville-Spartanburg,12213,4359,10/26/2021,100,Occupied,9/14/2023,9/20/2021,3/31/2022,2000,Long Term,"Arrived Homes, LLC Filing 1",1261,3.0,2,2016,65,"9,454"
Shoreline,15,310000,12220,"606 Shoreline Blvd, Boiling Springs, SC 29316",Greenville-Spartanburg,9921,6469,10/21/2021,0,Occupied,7/19/2023,9/20/2021,3/31/2022,2000,Long Term,"Arrived Homes, LLC Filing 1",2422,3.0,2,2011,68.35,"12,220"
Splash,7,215000,11181,"994 S Splash Dr, Fayetteville, AR 72701",Northwest Arkansas,6315,4487,10/25/2021,290,Occupied,9/1/2024,9/20/2021,3/31/2022,2000,Long Term,"Arrived Homes, LLC Filing 1",1470,3.0,2,2015,56.98,"11,181"
Malbec,11,320898,13776,"755 N Malbec Rd, Fayetteville, AR 72704",Northwest Arkansas,8071,6648,10/18/2021,100,Occupied,7/1/2023,9/20/2021,3/31/2022,2000,Long Term,"Arrived Homes, LLC Filing 1",2031,4.0,4,2020,65,"13,776"
Pinot,12,324216,13888,"763 N Malbec Rd, Fayetteville, AR 72704",Northwest Arkansas,8126,6722,10/26/2021,200,Occupied,6/24/2024,9/20/2021,3/31/2022,2000,Long Term,"Arrived Homes, LLC Filing 1",2052,4.0,4,2020,65,"13,888"
Salem,10,320898,13291,"659 N Salem Rd, Fayetteville, AR 72704",Northwest Arkansas,8071,6648,10/18/2021,25,Occupied,3/24/2025,9/20/2021,3/31/2022,2000,Long Term,"Arrived Homes, LLC Filing 1",2031,4.0,4,2020,66.24,"13,291"
Tuscan,8,320898,16452,"3474 W Tuscan Rd, Fayetteville, AR 72704",Northwest Arkansas,8071,6651,10/20/2021,240,Occupied,7/1/2024,9/20/2021,3/31/2022,2000,Long Term,"Arrived Homes, LLC Filing 1",2031,4.0,4,2020,56.53,"16,452"
Mojave,20,234000,10379,"340 N Mojave St, Farmington, AR 72730",Northwest Arkansas,13770,5135,10/18/2021,100,Occupied,8/3/2023,9/20/2021,3/31/2022,8000,Long Term,"Arrived Homes, LLC Filing 1",1500,3.0,2,2021,65,"10,379"
Wentworth,21,226200,11033,"352 N Mojave St, Farmington, AR 72730",Northwest Arkansas,13407,4979,10/26/2021,400,Occupied,4/1/2025,9/20/2021,3/31/2022,8000,Long Term,"Arrived Homes, LLC Filing 1",1450,3.0,2,2021,65,"11,033"
Cupcake,22,218556,10755,"358 N Mojave St, Farmington, AR 72730",Northwest Arkansas,13051,4812,10/21/2021,145,Occupied,6/1/2023,9/20/2021,3/31/2022,8000,Long Term,"Arrived Homes, LLC Filing 1",1450,3.0,2,2021,65,"10,755"
Jake,128,593200,66631,"10803 Sedalia Circle, Commerce City, CO 80022",Denver,30740,22240,6/17/2022,-50,Occupied,11/6/2024,6/2/2022,12/31/2022,7000,Long Term,"Arrived Homes, LLC Filing 10",3131,3.0,3,2010,0,"66,631"
101,127,635000,71596,"2117 Herman Street, Nashville, TN 37208",Nashville,33000,23810,6/17/2022,-300,Occupied,7/26/2023,6/2/2022,12/31/2022,5000,Long Term,"Arrived Homes, LLC Filing 10",1772,3.0,3,2020,0,"71,596"
Ritter,126,508000,57938,"8824 Canary Circle, Colorado Springs, CO 80908",Colorado Springs,26550,19050,7/6/2022,-250,Occupied,2/10/2024,6/2/2022,1/31/2023,7000,Long Term,"Arrived Homes, LLC Filing 10",2980,4.0,3,2012,0,"57,938"
Holcomb,129,355000,40872,"1994 Bridgewater Pass, Hampton, GA 30228",Atlanta,18650,13310,6/17/2022,200,Occupied,7/1/2024,6/2/2022,12/31/2022,9000,Long Term,"Arrived Homes, LLC Filing 10",2102,4.0,2.5,2019,0,"40,872"
Latte,130,365000,41119,"6030 Thorntons Way Circle NW, Huntsville, AL 35810",Huntsville,19180,13680,6/17/2022,100,Occupied,2/18/2025,6/2/2022,12/31/2022,3000,Long Term,"Arrived Homes, LLC Filing 10",3162,5.0,3,2021,0,"41,119"
Hines,125,255000,29445,"1323 Whitt Lane, Clarksville, TN 37042",Clarksville,13470,9560,6/17/2022,125,Occupied,11/1/2024,6/2/2022,12/31/2022,5000,Long Term,"Arrived Homes, LLC Filing 10",1321,3.0,2,2012,0,"29,445"
Osprey,139,350000,40289,"5121 Morrow Lane, Summerville, SC 29485",Charleston,18700,13120,6/29/2022,190,Occupied,9/3/2024,6/13/2022,12/31/2022,6000,Long Term,"Arrived Homes, LLC Filing 11",2346,4.0,3,2006,0,"40,289"
Johnny,138,585000,66137,"518 Yokley Drive, Nashville, TN 37207",Nashville,30490,21930,6/30/2022,-200,Occupied,8/19/2024,6/13/2022,12/31/2022,3000,Long Term,"Arrived Homes, LLC Filing 11",2020,3.0,3,2021,0,"66,137"
June,137,585000,66339,"520 Yokley Drive, Nashville, TN 37207",Nashville,30490,21930,6/30/2022,-500,Occupied,12/16/2024,6/13/2022,12/31/2022,3000,Long Term,"Arrived Homes, LLC Filing 11",2020,3.0,3,2021,0,"66,339"
Bazzel,136,248500,29006,"663 Markham Circle, Moore, SC 29369",Greenville-Spartanburg,13510,9310,7/14/2022,150,Occupied,1/4/2024,6/13/2022,1/31/2023,7000,Long Term,"Arrived Homes, LLC Filing 11",2060,4.0,3,2017,0,"29,006"
Pioneer,135,574800,65133,"9363 Sedalia Street, Commerce City, CO 80022",Denver,29930,21550,6/29/2022,125,Occupied,7/1/2024,6/13/2022,12/31/2022,7000,Long Term,"Arrived Homes, LLC Filing 11",2714,3.0,3,2021,0,"65,133"
Kennesaw,134,425000,48465,"2557 Kolb Manor Circle SW, Marietta, GA 30008",Atlanta,22290,15930,6/30/2022,245,Occupied,6/26/2024,6/13/2022,12/31/2022,6000,Long Term,"Arrived Homes, LLC Filing 11",2906,5.0,3,2012,0,"48,465"
Reynolds,133,430000,49105,"2712 Trey Court, Ellenwood, GA 30294",Atlanta,22500,16120,6/29/2022,255,Occupied,7/1/2024,6/13/2022,12/31/2022,5000,Long Term,"Arrived Homes, LLC Filing 11",3008,4.0,4,2018,0,"49,105"
Lookout,132,345000,38579,"6872 Axiom Lane, Ooltewah, TN 37363",Chattanooga,17880,12930,6/30/2022,200,Occupied,12/9/2024,6/13/2022,12/31/2022,6000,Long Term,"Arrived Homes, LLC Filing 11",1523,3.0,2,2001,0,"38,579"
Dunbar,131,322000,36695,"1416 Mutual Drive, Clarksville, TN 37042",Clarksville,16870,12070,6/30/2022,,Vacant Unrented Ready,,6/13/2022,12/31/2022,6000,Long Term,"Arrived Homes, LLC Filing 11",2190,5.0,3,2010,0,"36,695"
Clover,146,330000,37856,"125 Cloverwood Drive SW, Huntsville, AL 35824",Huntsville,17230,12370,7/12/2022,,Vacant Unrented Not Ready,,6/23/2022,1/31/2023,7000,Long Term,"Arrived Homes, LLC Filing 12",2576,4.0,3,2002,0,"37,856"
Dogwood,144,240000,27782,"1335 Maxwell Circle, Tuscaloosa, AL 35405",Tuscaloosa,12680,9000,7/28/2022,355,Occupied,8/5/2024,6/23/2022,1/31/2023,7000,Long Term,"Arrived Homes, LLC Filing 12",1561,3.0,2,2020,0,"27,782"
Walton,145,300000,34293,"3211 SW Stonepoint Avenue, Bentonville, AR 72712",Northwest Arkansas,15910,11250,7/28/2022,100,Occupied,8/17/2024,6/23/2022,1/31/2023,6000,Long Term,"Arrived Homes, LLC Filing 12",1629,3.0,3,2013,0,"34,293"
Dorchester,143,345000,40027,"115 Rawlins Drive, Summerville, SC 29485",Charleston,18660,12930,7/14/2022,-10,Occupied,7/1/2024,6/23/2022,1/31/2023,9000,Long Term,"Arrived Homes, LLC Filing 12",2470,3.0,2.5,2016,0,"40,027"
Folly,142,312000,36205,"199 Longford Drive, Summerville, SC 29483",Charleston,16890,11700,7/28/2022,220,Occupied,7/1/2024,6/23/2022,1/31/2023,7000,Long Term,"Arrived Homes, LLC Filing 12",1798,3.0,3,2016,0,"36,205"
Collier,141,355000,39769,"1129 Cloud View Drive, Powell, TN 37849",Knoxville,18770,13310,7/15/2022,215,Occupied,7/1/2024,6/23/2022,1/31/2023,6000,Long Term,"Arrived Homes, LLC Filing 12",2192,3.0,3,2020,0,"39,769"
Riverwalk,140,395000,44639,"6377 Winlerkorn Lane, Ooltewah, TN 37363",Chattanooga,20840,14810,7/22/2022,325,Occupied,3/3/2025,6/23/2022,1/31/2023,7000,Long Term,"Arrived Homes, LLC Filing 12",2251,4.0,3,2013,0,"44,639"
Highland,160,272973,32184,"139 Highland Park Court, Easley, SC 29642",Greenville-Spartanburg,15080,10230,8/3/2022,,Vacant Rented Ready,,7/18/2022,1/31/2023,12000,Long Term,"Arrived Homes, LLC Filing 13",1926,4.0,2.5,2022,0,"32,184"
Spring,159,248000,28652,"352 Robin Helton Drive, Boiling Springs, SC 29316",Greenville-Spartanburg,13320,9300,7/28/2022,205,Occupied,7/1/2024,7/13/2022,1/31/2023,5000,Long Term,"Arrived Homes, LLC Filing 13",1432,3.0,2,2011,0,"28,652"
Chitwood,158,385000,44079,"7159 Berringer Court, Maineville, OH 45039",Cincinnati,20230,14430,8/17/2022,230,Occupied,7/1/2024,7/13/2022,2/28/2023,5000,Long Term,"Arrived Homes, LLC Filing 13",2245,4.0,2.5,2019,0,"44,079"
Belle,157,440000,49930,"1205 Ithaca Drive, McDonough, GA 30253",Atlanta,23090,16500,8/3/2022,154,Occupied,8/6/2024,7/13/2022,1/31/2023,5000,Long Term,"Arrived Homes, LLC Filing 13",3006,5.0,4,2015,0,"49,930"
Conway,156,685000,77661,"1113 Leland Avenue, Unit A, Nashville, TN 37216",Nashville,35650,25680,9/21/2022,-275,Occupied,4/1/2025,7/18/2022,3/31/2023,5000,Long Term,"Arrived Homes, LLC Filing 13",2241,3.0,2.5,2022,0,"77,661"
Loretta,155,685000,76071,"1113 Leland Avenue, Unit B, Nashville, TN 37216",Nashville,35650,25680,10/6/2022,-500,Occupied,3/26/2025,7/18/2022,4/30/2023,5000,Long Term,"Arrived Homes, LLC Filing 13",2278,3.0,2.5,2022,0,"76,071"
Sodalis,154,290000,33363,"8539 Gold Rush Way, Camby, IN 46113",Indianapolis,15480,10870,8/17/2022,100,Occupied,4/4/2025,7/18/2022,2/28/2023,7000,Long Term,"Arrived Homes, LLC Filing 13",2027,3.0,3,2012,0,"33,363"
Henry,153,412000,47010,"332 Madison Grace Avenue, McDonough, GA 30252",Atlanta,21740,15450,8/17/2022,0,Occupied,5/1/2024,7/18/2022,2/28/2023,8000,Long Term,"Arrived Homes, LLC Filing 13",3158,5.0,3,2015,0,"47,010"
Daisy,152,302000,34684,"1812 Anthony Drive, Rogers, AR 72756",Northwest Arkansas,15720,11320,8/26/2022,130,Occupied,7/1/2024,7/18/2022,2/28/2023,9000,Long Term,"Arrived Homes, LLC Filing 13",1750,4.0,2,2003,0,"34,684"
Wilson,151,385000,44295,"6217 W Persimmon Street, Fayetteville, AR 72704",Northwest Arkansas,20150,14430,7/28/2022,180,Occupied,7/1/2024,7/13/2022,1/31/2023,13000,Long Term,"Arrived Homes, LLC Filing 13",2172,4.0,2.5,2005,0,"44,295"
Willow,150,293000,33467,"825 NW 68th Avenue, Bentonville, AR 72713",Northwest Arkansas,15320,10980,8/3/2022,-50,Occupied,10/18/2024,7/13/2022,1/31/2023,8000,Long Term,"Arrived Homes, LLC Filing 13",1423,3.0,2,2018,0,"33,467"
Creekside,149,311500,35663,"439 N Otoe Street, Farmington, AR 72730",Northwest Arkansas,16430,11680,8/9/2022,180,Occupied,7/1/2024,7/18/2022,2/28/2023,8000,Long Term,"Arrived Homes, LLC Filing 13",1621,3.0,2,2021,0,"35,663"
Kenny,148,690000,78418,"1843 Meade Avenue, Nashville, TN 37207",Nashville,36210,25870,8/10/2022,-775,Occupied,7/19/2024,7/13/2022,2/28/2023,10000,Long Term,"Arrived Homes, LLC Filing 13",2318,3.0,3.5,2022,0,"78,418"
Dolly,147,690000,78678,"1845 Meade Avenue, Nashville, TN 37207",Nashville,36210,25870,8/17/2022,-350,Occupied,5/30/2024,7/13/2022,2/28/2023,10000,Long Term,"Arrived Homes, LLC Filing 13",2276,3.0,3,2022,0,"78,678"
Blossom,170,255000,30476,"601 Cass Road, Centerton, AR 72719",Northwest Arkansas,13570,9560,11/10/2022,125,Occupied,9/19/2024,10/5/2022,5/31/2023,16000,Long Term,"Arrived Homes, LLC Filing 14",1332,3.0,2,1999,0,"30,476"
Bonneau,169,336000,38910,"120 Caleb Court, Ladson, SC 29456",Charleston,18110,12600,8/29/2022,185,Occupied,7/1/2024,7/26/2022,2/28/2023,9000,Long Term,"Arrived Homes, LLC Filing 14",2355,3.0,3,2020,0,"38,910"
Cumberland,168,295000,34220,"702 Jim Brown Drive, Clarksville, TN 37042",Clarksville,15410,11060,8/17/2022,100,Occupied,9/11/2024,7/26/2022,2/28/2023,8500,Long Term,"Arrived Homes, LLC Filing 14",1396,3.0,2,2019,0,"34,220"
Wellington,161,405000,47071,"412 Astoria Way, McDonough, GA 30253",Atlanta,21320,15180,10/6/2022,190,Occupied,7/1/2024,9/19/2022,4/30/2023,12000,Long Term,"Arrived Homes, LLC Filing 14",2866,4.0,3,2012,0,"47,071"
Reginald,163,435000,49921,"1201 Ithaca Drive, McDonough, GA 30253",Atlanta,23070,16310,9/21/2022,0,Occupied,1/9/2025,7/26/2022,3/31/2023,10000,Long Term,"Arrived Homes, LLC Filing 14",4020,5.0,4,2008,0,"49,921"
Braxton,162,323500,37894,"10020 Braxton Drive, Union, KY 41091",Cincinnati,16840,12130,12/14/2022,195,Occupied,7/1/2024,8/3/2022,6/30/2023,12000,Long Term,"Arrived Homes, LLC Filing 14",1436,4.0,3,2000,0,"37,894"
Camino,164,265000,30811,"326 32nd Place E, Tuscaloosa, AL 35405",Tuscaloosa,13940,9930,9/20/2022,145,Occupied,11/21/2024,7/26/2022,3/31/2023,8500,Long Term,"Arrived Homes, LLC Filing 14",1540,3.0,2,2017,0,"30,811"
Inglewood,166,679000,77772,"1802B Porter Road, Nashville, TN 37206",Nashville,35280,25460,11/23/2022,-375,Occupied,4/5/2024,10/5/2022,5/31/2023,10000,Long Term,"Arrived Homes, LLC Filing 14",2318,4.0,3.5,2016,0,"77,772"
Winston,165,329000,38009,"8304 Stillwater Circle NW, Huntsville, AL 35806",Huntsville,17050,12330,10/6/2022,145,Occupied,10/14/2024,8/3/2022,4/30/2023,8000,Long Term,"Arrived Homes, LLC Filing 14",1750,3.0,2,2018,0,"38,009"
Richardson,167,315000,36710,"531 Arkansas Black, Bentonville, AR 72712",Northwest Arkansas,16460,11810,10/17/2022,180,Occupied,7/1/2024,7/26/2022,4/30/2023,11000,Long Term,"Arrived Homes, LLC Filing 14",1665,3.0,2,2020,0,"36,710"
Marietta,176,304225,20149,"436 Marietta Ln, Greer, SC 29651",Greenville-Spartanburg,16680,11400,8/17/2022,50,Occupied,6/28/2024,8/3/2022,2/28/2023,5000,Long Term,"Arrived Homes, LLC Filing 15",2158,4.0,2.5,2022,50,"20,149"
Jill,175,402640,26812,"4481 Jack Faulk Street, Murfreesboro, TN 37127",Murfreesboro,20890,15090,11/22/2022,170,Occupied,7/1/2024,10/18/2022,5/31/2023,9000,Long Term,"Arrived Homes, LLC Filing 15",1775,4.0,2,2022,50,"26,812"
Quincy,174,550000,61077,"27003 E Archer Avenue, Aurora, CO 80018",Denver,28550,20620,10/6/2022,150,Occupied,5/24/2024,8/3/2022,4/30/2023,8000,Long Term,"Arrived Homes, LLC Filing 15",1936,3.0,2,2020,0,"61,077"
Taylor,172,230000,15929,"2209 44th Avenue, Northport, AL 35476",Tuscaloosa,12260,8620,11/10/2022,,Vacant Unrented Not Ready,,8/24/2022,5/31/2023,9000,Long Term,"Arrived Homes, LLC Filing 15",1447,3.0,2,2004,50,"15,929"
Aster,173,255000,17261,"490 W Aster Avenue, Farmington, AR 72730",Northwest Arkansas,13800,9560,9/7/2022,-25,Occupied,4/1/2025,8/3/2022,3/31/2023,8000,Long Term,"Arrived Homes, LLC Filing 15",1502,3.0,2,1997,50,"17,261"
Marcelo,171,285000,33770,"3045 Republic Way, Hebron, KY 41048",Cincinnati,15010,10680,12/19/2022,170,Occupied,1/1/2025,10/18/2022,6/30/2023,13000,Long Term,"Arrived Homes, LLC Filing 15",1364,3.0,2.5,2005,0,"33,770"
Mae,177,353707,40269,"7088 Luna Mae Court, Boiling Springs, SC 29316",Greenville-Spartanburg,12370,14670,10/25/2022,-20,Occupied,10/27/2024,10/5/2022,4/30/2023,9000,Long Term,"Arrived Homes, LLC Filing 16",2771,4.0,3,2022,0,"40,269"
Kessler,183,257000,17058,"12520 Meadow Oaks Lane, Farmington, AR 72730",Northwest Arkansas,8990,10660,10/6/2022,150,Occupied,1/13/2025,8/24/2022,4/30/2023,7000,Long Term,"Arrived Homes, LLC Filing 16",1286,3.0,2,2008,50,"17,058"
Piedmont,182,385000,25767,"4774 Brookwood Place, Atlanta, GA 30349",Atlanta,13470,15970,10/17/2022,205,Occupied,7/1/2024,9/19/2022,4/30/2023,9000,Long Term,"Arrived Homes, LLC Filing 16",2408,4.0,3,2016,50,"25,767"
Shallowford,179,362000,24330,"7258 Noah Reid Road, Chattanooga, TN 37421",Chattanooga,12670,15020,11/10/2022,-75,Occupied,8/30/2024,10/18/2022,5/31/2023,9000,Long Term,"Arrived Homes, LLC Filing 16",1800,3.0,2,2013,50,"24,330"
Chester,178,372000,24795,"6097 Amber Forest Trail, Hixson, TN 37343",Chattanooga,13020,15430,10/25/2022,250,Occupied,8/9/2024,10/5/2022,4/30/2023,8000,Long Term,"Arrived Homes, LLC Filing 16",1740,3.0,2,2019,50,"24,795"
Harrison,181,460000,30281,"5776 Caney Ridge Circle, Ooltewah, TN 37363",Chattanooga,16100,19090,9/21/2022,-75,Occupied,11/17/2023,8/25/2022,3/31/2023,8000,Long Term,"Arrived Homes, LLC Filing 16",2732,3.0,4,2014,50,"30,281"
Cypress,180,365000,24606,"3450 Cypress Club Trail, Austell, GA 30106",Atlanta,12770,15140,9/27/2022,245,Occupied,6/1/2024,8/24/2022,3/31/2023,10000,Long Term,"Arrived Homes, LLC Filing 16",1905,4.0,3,2000,50,"24,606"
Creekwood,184,289500,19413,"361 Harbor Glen Drive SW, Madison, AL 35756",Huntsville,10130,12010,10/6/2022,155,Occupied,7/1/2024,8/24/2022,4/30/2023,7000,Long Term,"Arrived Homes, LLC Filing 16",1658,3.0,2,2012,50,"19,413"
Eagle,194,270000,18442,"554 N Goose Crossing, Farmington, AR 72730",Northwest Arkansas,9450,11200,10/17/2022,295,Occupied,9/1/2024,9/23/2022,4/30/2023,11600,Long Term,"Arrived Homes, LLC Filing 17",1800,4.0,2,2022,50.19,"18,442"
Falcon,193,270000,18382,"375 Canada Dr, Farmington, AR 72730",Northwest Arkansas,9450,11200,11/10/2022,325,Occupied,11/1/2024,10/14/2022,5/31/2023,11300,Long Term,"Arrived Homes, LLC Filing 17",1803,4.0,2,2022,50,"18,382"
Goose,195,251500,17247,"561 N Goose Crossing, Farmington, AR 72730",Northwest Arkansas,8800,10430,11/22/2022,145,Occupied,12/3/2024,9/29/2022,5/31/2023,11200,Long Term,"Arrived Homes, LLC Filing 17",1676,4.0,2,2022,50,"17,247"
Hansel,192,403990,26710,"4457 Jack Faulk St, Murfreesboro, TN 37127",Murfreesboro,14130,16760,11/22/2022,0,Occupied,7/19/2024,10/18/2022,5/31/2023,9000,Long Term,"Arrived Homes, LLC Filing 17",1775,4.0,2,2022,50,"26,710"
Gretal,198,450000,52313,"4485 Jack Faulk St, Murfreesboro, TN 37127",Murfreesboro,15750,18670,12/28/2022,-100,Occupied,5/12/2023,11/22/2022,6/30/2023,9000,Long Term,"Arrived Homes, LLC Filing 18",2518,5.0,3,2022,0,"52,313"
Mimosa,199,215000,14990,"6208 Mimosa Gardens Drive, Tuscaloosa, AL 35405",Tuscaloosa,7520,8920,12/19/2022,140,Occupied,7/1/2024,10/27/2022,6/30/2023,10000,Long Term,"Arrived Homes, LLC Filing 18",1419,3.0,2,2016,0,"14,990"
Redondo,200,315000,21139,"8924 Arkansas Road NW, Albuquerque, NM 87120",Albuquerque,11020,13070,11/23/2022,75,Occupied,9/13/2024,10/27/2022,5/31/2023,8000,Long Term,"Arrived Homes, LLC Filing 18",1882,3.0,3,2013,50,"21,139"
Sundance,201,315000,21129,"620 Creekside Avenue SW, Los Lunas, NM 87031",Albuquerque,11020,13070,12/19/2022,50,Occupied,10/1/2024,10/27/2022,6/30/2023,8000,Long Term,"Arrived Homes, LLC Filing 18",2489,4.0,3,2008,50,"21,129"
Brooklyn,212,166000,11741,"2261 Reece Boulevard, Tuscaloosa, AL 35401",Tuscaloosa,5810,7500,12/27/2022,154,Occupied,6/1/2023,12/2/2022,6/30/2023,8000,Long Term,"Arrived Homes, LLC Filing 19",1124,3.0,2,2008,50,"11,741"
Brainerd,211,290000,19320,"1307 Vance Road, Chattanooga, TN 37421",Chattanooga,10150,12030,12/19/2022,451,Occupied,7/1/2024,11/22/2022,6/30/2023,6000,Long Term,"Arrived Homes, LLC Filing 19",1610,4.0,2,2022,50,"19,320"
Litton,210,320000,21398,"7304 Calla Crossing, Knoxville, TN 37918",Knoxville,11200,13280,12/27/2022,200,Occupied,8/13/2024,12/2/2022,6/30/2023,8000,Long Term,"Arrived Homes, LLC Filing 19",2100,4.0,3,2016,50,"21,398"
Chickamauga,206,372300,43058,"578 Shanti Drive, Chattanooga, TN 37412",Chattanooga,13030,15450,1/31/2023,125,Occupied,11/13/2023,12/2/2022,7/31/2023,5000,Long Term,"Arrived Homes, LLC Filing 19",1866,3.0,3,2022,0,"43,058"
Sequoyah,207,248000,16826,"981 E Starling St, Fayetteville, AR 72704",Northwest Arkansas,8680,10290,12/19/2022,175,Occupied,6/17/2024,11/22/2022,6/30/2023,8000,Long Term,"Arrived Homes, LLC Filing 19",1524,4.0,2,2022,50,"16,826"
Sugar,46,310000,14686,"300 Southern Sugar Ave, Moncks Corner, SC 29461",Charleston,14870,11450,1/7/2022,-145,Occupied,8/31/2023,12/20/2021,3/31/2022,2330,Long Term,"Arrived Homes, LLC Filing 2",2208,4.0,2.5,2013,65,"14,686"
Coatbridge,47,270000,13090,"172 Coatbridge Dr, Blythewood, SC 29016",Columbia,15340,10060,1/12/2022,200,Occupied,9/1/2023,12/20/2021,3/31/2022,2220,Long Term,"Arrived Homes, LLC Filing 2",1774,4.0,2,2019,65,"13,090"
Lennox,48,215000,10593,"1320 House St, Columbia, SC 29204",Columbia,12780,8040,1/12/2022,225,Occupied,9/29/2023,12/20/2021,3/31/2022,2000,Long Term,"Arrived Homes, LLC Filing 2",1392,3.0,2,2017,65,"10,593"
Olive,49,230000,13652,"240 Tea Olive Ave, Lexington, SC 29073",Columbia,13480,8610,1/12/2022,125,Occupied,11/30/2023,12/20/2021,3/31/2022,2500,Long Term,"Arrived Homes, LLC Filing 2",2125,4.0,2.5,2012,54.83,"13,652"
Dawson,50,225000,10964,"313 Dawsons Park Dr, Lexington, SC 29072",Columbia,13240,8390,1/20/2022,105,Occupied,7/1/2024,12/20/2021,3/31/2022,1500,Long Term,"Arrived Homes, LLC Filing 2",1853,3.0,2.5,2019,65,"10,964"
Ridge,51,216000,10400,"308 Oristo Ridge Way, West Columbia, SC 29170",Columbia,12810,8040,1/7/2022,330,Occupied,9/3/2024,12/20/2021,3/31/2022,1000,Long Term,"Arrived Homes, LLC Filing 2",1470,3.0,2.5,2019,65,"10,400"
Bayside,52,255000,12295,"59 Bayside Ct, Columbia, SC 29229",Columbia,14620,9470,1/12/2022,190,Occupied,9/1/2023,12/20/2021,3/31/2022,1000,Long Term,"Arrived Homes, LLC Filing 2",2083,3.0,2,2013,65,"12,295"
Elm,53,165000,8210,"1231 Tolliver St, Columbia, SC 29201",Columbia,10440,7500,1/20/2022,0,Occupied,11/3/2023,12/20/2021,3/31/2022,1000,Long Term,"Arrived Homes, LLC Filing 2",1400,3.0,2,2021,65,"8,210"
River,54,265000,12695,"232 Rivers Edge Cir, Simpsonville, SC 29680",Greenville-Spartanburg,15090,9850,1/12/2022,245,Occupied,9/3/2023,12/20/2021,3/31/2022,1450,Long Term,"Arrived Homes, LLC Filing 2",2018,4.0,3,2013,65,"12,695"
Westchester,56,340000,18103,"488 Forest Creek Way, Elgin, SC 29045",Columbia,16030,12510,1/14/2022,180,Occupied,10/8/2023,12/20/2021,3/31/2022,1500,Long Term,"Arrived Homes, LLC Filing 2",2571,4.0,3,2017,58.5,"18,103"
Forest,37,350000,16230,"407 Forest Hills Rd, Summerville, SC 29486",Charleston,16420,12870,1/7/2022,75,Occupied,1/31/2024,12/20/2021,6/30/2022,1300,Long Term,"Arrived Homes, LLC Filing 2",3372,4.0,3.5,2014,65,"16,230"
Limestone,57,290000,13708,"863 Bergenfield Ln, Chapin, SC 29036",Columbia,14090,10710,1/18/2022,0,Occupied,5/9/2024,12/20/2021,6/30/2022,2000,Long Term,"Arrived Homes, LLC Filing 2",2364,4.0,3,2021,65,"13,708"
Jupiter,58,215000,10503,"930 Junius St, Gastonia, NC 28052",Charlotte,12780,8040,1/14/2022,80,Occupied,5/16/2024,12/20/2021,3/31/2022,2000,Long Term,"Arrived Homes, LLC Filing 2",1200,3.0,2,2021,65,"10,503"
Weldon,59,210000,10207,"914 N Ransom St, Gastonia, NC 28052",Charlotte,12540,7860,1/10/2022,100,Occupied,4/17/2025,12/20/2021,3/31/2022,2000,Long Term,"Arrived Homes, LLC Filing 2",1200,3.0,2,2021,65,"10,207"
Holland,60,210000,10106,"910 N Ransom St, Gastonia, NC 28052",Charlotte,12540,7860,1/14/2022,25,Occupied,6/22/2024,12/20/2021,3/31/2022,2000,Long Term,"Arrived Homes, LLC Filing 2",1200,3.0,2,2021,65,"10,106"
Elevation,61,263347,12561,"305 Elevation Ct, Inman, SC 29349",Greenville-Spartanburg,15000,9760,1/14/2022,0,Occupied,10/17/2024,12/20/2021,3/31/2022,500,Long Term,"Arrived Homes, LLC Filing 2",2166,4.0,2.5,2021,65.41,"12,561"
Collinston,41,210000,10217,"1507 Collinston Dr, Gastonia, NC 28052",Charlotte,12540,7860,1/7/2022,100,Occupied,12/5/2024,12/20/2021,6/30/2022,2000,Long Term,"Arrived Homes, LLC Filing 2",1200,3.0,2,2021,65,"10,217"
Saturn,45,215000,10344,"923 Jupiter St, Gastonia, NC 28052",Charlotte,12780,8040,1/20/2022,90,Occupied,10/3/2024,12/20/2021,3/31/2022,2000,Long Term,"Arrived Homes, LLC Filing 2",1200,3.0,2,2021,65,"10,344"
Meadow,40,320000,15355,"9235 Avery Meadows Dr, Charlotte, NC 28216",Charlotte,15260,11800,1/18/2022,-45,Occupied,4/5/2024,12/20/2021,6/30/2022,2000,Long Term,"Arrived Homes, LLC Filing 2",1793,3.0,2.5,2015,67.16,"15,355"
Amber,55,305000,14303,"7312 Amberly Hills Rd, Charlotte, NC 28215",Charlotte,16960,11340,1/20/2022,55,Occupied,5/10/2024,12/20/2021,3/31/2022,2000,Long Term,"Arrived Homes, LLC Filing 2",1340,3.0,2,2019,65.85,"14,303"
Odessa,43,535000,21868,"4669 S Odessa St, Aurora, CO 80015",Denver,25000,19700,1/27/2022,50,Occupied,12/20/2023,12/20/2021,3/31/2022,3000,Long Term,"Arrived Homes, LLC Filing 2",1951,4.0,2.5,2018,70,"21,868"
Lily,44,505000,24046,"9799 Desert Lily Cir, Colorado Springs, CO 80925",Colorado Springs,24250,19780,1/18/2022,-645,Occupied,7/1/2024,12/20/2021,3/31/2022,36000,Long Term,"Arrived Homes, LLC Filing 2",4074,4.0,2.5,2016,61.68,"24,046"
Saddlebred,42,475000,19773,"6213 Saddlebred Way, Colorado Springs, CO 80925",Colorado Springs,22540,17590,1/14/2022,25,Occupied,3/24/2025,12/20/2021,3/31/2022,5000,Long Term,"Arrived Homes, LLC Filing 2",3950,5.0,3.5,2009,70,"19,773"
Lurleen,214,220000,15366,"129 Whitestone Drive Northeast, Huntsville, AL 35810",Huntsville,7700,9130,2/22/2023,,Vacant Unrented Ready,,12/22/2022,8/31/2023,10000,Long Term,"Arrived Homes, LLC Filing 20",2736,3.0,3,2007,0,"15,366"
Regency,216,275000,18598,"200 Regency Square, Maineville, OH 45039",Cincinnati,9620,11410,3/1/2023,200,Occupied,3/21/2025,12/22/2022,8/31/2023,8000,Long Term,"Arrived Homes, LLC Filing 20",2233,3.0,3,2001,0,"18,598"
Korin,218,278865,32414,"1042 E Sparrow Circle, Fayetteville, AR 72701",Northwest Arkansas,9760,11570,3/30/2023,70,Occupied,8/1/2024,3/17/2023,9/30/2023,5000,Long Term,"Arrived Homes, LLC Filing 21",1690,4.0,2,2022,0,"32,414"
Dops,219,205000,24064,"6707 34th Street, Northport, AL 35473",Tuscaloosa,7170,8500,3/30/2023,200,Occupied,11/27/2024,3/17/2023,9/30/2023,5000,Long Term,"Arrived Homes, LLC Filing 21",1209,3.0,2,2018,0,"24,064"
Sunnyside,217,225770,26354,"4601 Smithfield Lane, Northport, AL 35473",Tuscaloosa,7900,9360,3/30/2023,225,Occupied,7/5/2024,3/17/2023,9/30/2023,5000,Long Term,"Arrived Homes, LLC Filing 21",1355,3.0,2,2022,0,"26,354"
Tuscarora,241,335990,38910,"10633 Caresso Loop Southwest, Albuquerque, NM 87121",Albuquerque,11750,13940,3/30/2023,150,Occupied,4/18/2025,3/17/2023,9/30/2023,5000,Long Term,"Arrived Homes, LLC Filing 21",2209,4.0,2.5,2022,0,"38,910"
Salinas,245,230000,27178,"519 Risa Springs Drive Southwest, Albuquerque, NM 87121",Albuquerque,8050,9540,3/30/2023,195,Occupied,3/1/2025,3/17/2023,9/30/2023,7000,Long Term,"Arrived Homes, LLC Filing 21",1292,3.0,2,2004,0,"27,178"
Hansard,246,302835,35232,"2414 Stream View Lane, Morristown, TN 37814",Knoxville,10590,12560,3/30/2023,125,Occupied,3/18/2025,3/17/2023,9/30/2023,5000,Long Term,"Arrived Homes, LLC Filing 21",2806,4.0,3,2022,0,"35,232"
Jefferson,247,273765,31930,"2328 Beacon Road, Talbott, TN 37877",Knoxville,9580,11360,3/30/2023,150,Occupied,4/21/2023,3/17/2023,9/30/2023,5000,Long Term,"Arrived Homes, LLC Filing 21",1927,4.0,3,2022,0,"31,930"
Marie,248,318500,37020,"309 Hayley Marie Lane, Knoxville, TN 37920",Knoxville,11140,13210,3/30/2023,200,Occupied,4/1/2025,3/17/2023,9/30/2023,5000,Long Term,"Arrived Homes, LLC Filing 21",2511,5.0,3,2022,0,"37,020"
Brennan,239,225000,10598,"1305 19th Avenue SW, Decatur, AL 35601",Huntsville,7870,9330,4/14/2023,100,Occupied,1/26/2024,3/29/2023,10/31/2023,6000,Long Term,"Arrived Homes, LLC Filing 21",1688,3.0,2,1970,70,"10,598"
Sajni,240,300000,35013,"10 Amber Drive, Port Wentworth, GA 31407",Savannah,10500,12450,3/30/2023,699,Occupied,3/21/2023,3/17/2023,9/30/2023,7000,Long Term,"Arrived Homes, LLC Filing 21",3002,4.0,3,2014,0,"35,013"
Ella,249,260000,30640,"534 Somerset Lane, Clarksville, TN 37040",Clarksville,9100,10790,3/30/2023,100,Occupied,12/9/2024,3/17/2023,9/30/2023,8000,Long Term,"Arrived Homes, LLC Filing 21",1500,3.0,2,2020,0,"30,640"
Cove,305,210000,24633,"507 Woodhill Cove Drive, Bessemer, AL 35022",Birmingham,7350,8710,6/2/2023,200,Occupied,11/7/2024,5/17/2023,11/30/2023,7000,Long Term,"Arrived Homes, LLC Filing 22",1846,3.0,3,2009,0,"24,633"
Martell,308,260000,30956,"315 Archie Way, Ludowici, GA 31316",Savannah,9100,10790,6/2/2023,50,Occupied,2/19/2024,5/17/2023,11/30/2023,12000,Long Term,"Arrived Homes, LLC Filing 22",2100,4.0,2.5,2018,0,"30,956"
Belvedere,306,295000,34971,"2414 Utopia Court, Augusta, GA 30909",Augusta,10320,12240,6/2/2023,100,Occupied,6/23/2023,5/17/2023,11/30/2023,12000,Long Term,"Arrived Homes, LLC Filing 22",2600,5.0,3,2009,0,"34,971"
Avondale,307,330000,38902,"750 Holderness Court, Augusta, GA 30909",Augusta,11550,13690,6/9/2023,-200,Occupied,8/8/2024,5/17/2023,12/31/2023,12000,Long Term,"Arrived Homes, LLC Filing 22",2294,4.0,2.5,2020,0,"38,902"
Mycroft,311,180000,21702,"700 W 23rd Street, North Little Rock, AR 72114",Little Rock,6300,7500,6/26/2023,125,Occupied,7/4/2023,6/7/2023,12/31/2023,10000,Long Term,"Arrived Homes, LLC Filing 23",1406,3.0,2,2023,0,"21,702"
Louis,313,270300,32418,"4259 Green Grove Court, St. Louis, MO 63129",St Louis,9460,11210,8/24/2023,200,Occupied,7/14/2023,6/7/2023,2/29/2024,15000,Long Term,"Arrived Homes, LLC Filing 23",1326,3.0,2,1986,0,"32,418"
Longwoods,312,270000,32138,"635 Fairview Circle, Hinesville, GA 31313",Savannah,9450,11200,7/17/2023,125,Occupied,9/22/2023,6/7/2023,1/31/2024,12000,Long Term,"Arrived Homes, LLC Filing 23",1973,3.0,2.5,2021,0,"32,138"
Fenwick,314,300000,35502,"803 Fenwick Court, Grovetown, GA 30813",Augusta,10500,12450,8/4/2023,-145,Occupied,10/21/2024,7/5/2023,1/31/2024,12000,Long Term,"Arrived Homes, LLC Filing 23",2100,4.0,2.5,2019,0,"35,502"
Osceola,316,280000,33502,"643 Locust Street, Jacksonville, FL 32205",Jacksonville,9800,11620,8/22/2023,145,Occupied,4/17/2025,7/25/2023,2/29/2024,12000,Long Term,"Arrived Homes, LLC Filing 23",1760,4.0,2,2019,0,"33,502"
Sims,315,272900,32453,"235 Sims Court, Augusta, GA 30909",Augusta,9550,11320,6/30/2023,-25,Occupied,9/20/2023,6/7/2023,12/31/2023,12000,Long Term,"Arrived Homes, LLC Filing 23",1915,4.0,2,2017,0,"32,453"
Mary,341,271285,31752,"320 Everleigh Circle, Talbott, TN 37877",Knoxville,9490,11250,8/8/2023,200,Occupied,8/9/2023,7/11/2023,2/29/2024,6000,Long Term,"Arrived Homes, LLC Filing 24",1927,4.0,2.5,2023,0,"31,752"
Marion,339,255000,30428,"57 Francis Marion Road NE, Ludowici, GA 31316",Savannah,8920,10580,8/10/2023,50,Occupied,10/13/2023,7/11/2023,2/29/2024,12000,Long Term,"Arrived Homes, LLC Filing 24",2183,3.0,2,2013,0,"30,428"
Marple,340,176000,21282,"2102 Moss Street, North Little Rock, AR 72114",Little Rock,6160,7500,6/30/2023,0,Occupied,1/17/2025,6/15/2023,12/31/2023,10000,Long Term,"Arrived Homes, LLC Filing 24",1250,3.0,2,2023,0,"21,282"
Porthos,344,302000,35738,"1209 Evergreen Trail, Hinesville, GA 31313",Savannah,10570,12530,7/19/2023,100,Occupied,7/3/2023,6/27/2023,1/31/2024,12000,Long Term,"Arrived Homes, LLC Filing 24",2720,4.0,2.5,2019,0,"35,738"
Bella,335,305000,36274,"2529 Tidewater Drive, Norfolk, VA 23504",Hampton Roads,10670,12650,7/26/2023,-250,Occupied,1/1/2024,7/5/2023,1/31/2024,12000,Long Term,"Arrived Homes, LLC Filing 24",2025,3.0,2.5,2021,0,"36,274"
Foster,336,313140,37329,"1608 Tonopah Drive, Cincinnati, OH 45255",Cincinnati,10950,12990,7/20/2023,154,Occupied,7/6/2023,6/21/2023,1/31/2024,15000,Long Term,"Arrived Homes, LLC Filing 24",1948,4.0,3,1964,0,"37,329"
Palmer,343,293000,34720,"2021 Hatton Court, Augusta, GA 30909",Augusta,10250,12150,9/15/2023,55,Occupied,4/1/2025,8/15/2023,3/31/2024,12000,Long Term,"Arrived Homes, LLC Filing 24",2132,4.0,2.5,2012,0,"34,720"
Onyx,342,325000,38431,"5373 Solitaire Way, Memphis, TN 38109",Memphis,11370,13480,8/22/2023,145,Occupied,8/1/2023,7/25/2023,2/29/2024,12000,Long Term,"Arrived Homes, LLC Filing 24",2589,5.0,3.5,2001,0,"38,431"
Augusta,333,297900,35196,"882 Goodale Drive, Augusta, GA 30909",Augusta,10420,12360,8/22/2023,0,Occupied,9/25/2023,7/18/2023,2/29/2024,12000,Long Term,"Arrived Homes, LLC Filing 24",1923,4.0,2,2023,0,"35,196"
Franklin,337,300000,35492,"893 Waterway Drive, Franklin, IN 46131",Indianapolis,10500,12450,9/11/2023,50,Occupied,8/16/2023,7/11/2023,3/31/2024,12000,Long Term,"Arrived Homes, LLC Filing 24",2250,4.0,2.5,2001,0,"35,492"
Cawley,334,314000,37091,"185 Swinton Pond Road, Grovetown, GA 30813",Augusta,10990,13030,7/27/2023,100,Occupied,7/7/2023,6/21/2023,1/31/2024,12000,Long Term,"Arrived Homes, LLC Filing 24",2294,4.0,2.5,2020,0,"37,091"
Simon,345,288965,34119,"535 Cliff Street, Morristown, TN 37814",Knoxville,10110,11990,7/14/2023,100,Occupied,8/18/2023,6/21/2023,1/31/2024,10000,Long Term,"Arrived Homes, LLC Filing 24",1991,4.0,2.5,2023,0,"34,119"
Theodore,346,286605,33922,"565 Cliff Street, Morristown, TN 37814",Knoxville,10030,11890,9/12/2023,25,Occupied,12/4/2023,8/8/2023,3/31/2024,10000,Long Term,"Arrived Homes, LLC Filing 24",1991,4.0,2.5,2023,0,"33,922"
General,338,315000,37454,"973 Washington Avenue, Norfolk, VA 23504",Hampton Roads,11020,13070,9/12/2023,674,Occupied,11/17/2023,8/1/2023,3/31/2024,12000,Long Term,"Arrived Homes, LLC Filing 24",1900,5.0,3,2021,0,"37,454"
Bergenia,349,217000,25889,"1621 N Street SE, Decatur, AL 35601",Huntsville,7590,9000,8/30/2023,225,Occupied,9/6/2023,8/15/2023,2/29/2024,10000,Long Term,"Arrived Homes, LLC Filing 25",1487,3.0,2,2023,0,"25,889"
Chinook,348,305000,36094,"3345 Grove Landing Circle, Grovetown, GA 30813",Augusta,10670,12650,8/30/2023,-200,Occupied,12/15/2023,8/8/2023,2/29/2024,12000,Long Term,"Arrived Homes, LLC Filing 25",2676,4.0,3,2012,0,"36,094"
Felix,350,248000,29597,"3908 Standish Drive, Greensboro, NC 27401",Greensboro,8680,10290,8/22/2023,100,Occupied,7/1/2023,8/1/2023,2/29/2024,12000,Long Term,"Arrived Homes, LLC Filing 25",1298,3.0,2,2023,0,"29,597"
Oscar,351,250000,29860,"3910 Standish Drive, Greensboro, NC 27401",Greensboro,8750,10370,9/25/2023,,Vacant Unrented Not Ready,,9/12/2023,3/31/2024,12000,Long Term,"Arrived Homes, LLC Filing 25",1298,3.0,2,2023,0,"29,860"
Ellen,352,249500,29718,"3553 Chokecherry Lane, Indianapolis, IN 46235",Indianapolis,8730,10350,9/22/2023,100,Occupied,9/7/2023,9/6/2023,3/31/2024,12000,Long Term,"Arrived Homes, LLC Filing 25",1836,4.0,2,2000,0,"29,718"
Alvin,354,317505,37366,"506 Cliff Street, Morristown, TN 37814",Knoxville,11110,13170,1/4/2024,125,Occupied,11/1/2023,12/12/2023,7/31/2024,10000,Long Term,"Arrived Homes, LLC Filing 26",2618,5.0,2.5,2023,0,"37,366"
Eastwood,357,318285,37474,"516 Cliff Street, Morristown, TN 37814",Knoxville,11130,13200,12/27/2023,200,Occupied,8/1/2024,12/5/2023,6/30/2024,10000,Long Term,"Arrived Homes, LLC Filing 26",2511,5.0,3,2023,0,"37,474"
Ballinger,355,298510,35230,"309 Aspen Drive, Jefferson City, TN 37760",Knoxville,10440,12380,12/28/2023,200,Occupied,2/8/2024,12/5/2023,6/30/2024,10000,Long Term,"Arrived Homes, LLC Filing 26",1991,4.0,2.5,2023,0,"35,230"
Peterson,364,225790,27120,"4557 Barretts Trace Blvd, Tuscaloosa, AL 35405",Tuscaloosa,7900,9370,12/19/2023,155,Occupied,4/17/2025,12/5/2023,6/30/2024,12000,Long Term,"Arrived Homes, LLC Filing 26",1459,4.0,2,2023,0,"27,120"
Abernant,358,227240,27213,"5632 Barretts Trace Lane, Tuscaloosa, AL 35405",Tuscaloosa,7950,9430,1/5/2024,125,Occupied,4/1/2025,12/12/2023,7/31/2024,12000,Long Term,"Arrived Homes, LLC Filing 26",1459,4.0,2,2023,0,"27,213"
Briarwood,356,209925,25368,"27 Erwin Drive, Austin, AR 72007",Little Rock,7340,8710,12/27/2023,-50,Occupied,2/7/2024,12/5/2023,6/30/2024,12000,Long Term,"Arrived Homes, LLC Filing 26",1640,4.0,2,2023,0,"25,368"
Irene,363,176000,21540,"612 W 23rd Street, North Little Rock, AR 72114",Little Rock,6160,7500,12/29/2023,100,Occupied,9/26/2023,12/12/2023,6/30/2024,12000,Long Term,"Arrived Homes, LLC Filing 26",1250,3.0,2,2023,0,"21,540"
Fletcher,360,176000,21548,"1917 Moss Street, North Little Rock, AR 72114",Little Rock,6160,7500,12/19/2023,125,Occupied,9/1/2023,12/5/2023,6/30/2024,12000,Long Term,"Arrived Homes, LLC Filing 26",1250,3.0,2,2023,0,"21,548"
Calvin,359,235000,28318,"540 Wilson Street, Suffolk, VA 23434",Hampton Roads,8220,9750,12/27/2023,200,Occupied,12/1/2024,12/5/2023,6/30/2024,12000,Long Term,"Arrived Homes, LLC Filing 26",1150,3.0,1.5,2023,0,"28,318"
Hobbes,362,232500,28043,"542 Wilson Street, Suffolk, VA 23434",Hampton Roads,8130,9640,12/27/2023,-100,Occupied,4/12/2024,12/5/2023,6/30/2024,12000,Long Term,"Arrived Homes, LLC Filing 26",1150,3.0,1.5,2023,0,"28,043"
Hargrave,361,232500,28023,"106 Halifax Street, Suffolk, VA 23434",Hampton Roads,8130,9640,1/8/2024,-100,Occupied,3/8/2024,12/12/2023,7/31/2024,12000,Long Term,"Arrived Homes, LLC Filing 26",1150,3.0,1.5,2023,0,"28,023"
Richmond,365,379883,44809,"2105 Richmond Avenue, Portsmouth, VA 23704",Hampton Roads,13290,15760,1/4/2024,-125,Occupied,11/13/2024,12/12/2023,7/31/2024,12000,Long Term,"Arrived Homes, LLC Filing 26",2420,5.0,3,2023,0,"44,809"
Winchester,366,265000,31542,"4596 Winchester Hills Way, Birmingham, AL 35215",Birmingham,9270,10990,12/28/2023,100,Occupied,12/22/2023,12/12/2023,6/30/2024,12000,Long Term,"Arrived Homes, LLC Filing 26",2218,4.0,2.5,2020,0,"31,542"
Davidson,72,210000,9244,"922 W Davidson St, Gastonia, NC 28052",Charlotte,12540,7860,2/11/2022,0,Occupied,12/12/2024,1/14/2022,9/30/2022,2000,Long Term,"Arrived Homes, LLC Filing 3",1200,3.0,2,2021,70,"9,244"
Matchingham,64,209091,9423,"1077 Matchingham Dr, Columbia, SC 29223",Columbia,12530,7900,2/1/2022,478,Occupied,11/9/2021,1/14/2022,9/30/2022,4000,Long Term,"Arrived Homes, LLC Filing 3",1476,3.0,2.5,2021,70,"9,423"
Vernon,73,259767,11609,"135 McMakin Dr, Lyman, SC 29365",Greenville-Spartanburg,14890,9750,2/16/2022,-45,Occupied,5/2/2024,1/14/2022,9/30/2022,4000,Long Term,"Arrived Homes, LLC Filing 3",1806,4.0,2.5,2021,70,"11,609"
Butter,76,374894,15817,"162 Lucky Day Dr, Summerville, SC 29486",Charleston,18380,13920,2/3/2022,0,Occupied,6/14/2024,1/14/2022,9/30/2022,4500,Long Term,"Arrived Homes, LLC Filing 3",3006,6.0,3,2021,70,"15,817"
Murphy,74,296097,13048,"211 Doolittle Dr, Chapin, SC 29036",Columbia,16580,11080,2/11/2022,-175,Occupied,5/17/2024,1/14/2022,9/30/2022,4000,Long Term,"Arrived Homes, LLC Filing 3",1956,3.0,2,2021,70,"13,048"
Dolittle,75,304373,13369,"204 Doolittle Dr, Chapin, SC 29036",Columbia,16960,11390,2/16/2022,195,Occupied,11/26/2024,1/14/2022,9/30/2022,4000,Long Term,"Arrived Homes, LLC Filing 3",1956,3.0,2,2021,70,"13,369"
Rooney,65,370000,15617,"5309 S 18th Pl, Phoenix, AZ 85040",Phoenix,18160,13710,2/3/2022,-100,Occupied,7/1/2024,1/14/2022,9/30/2022,3500,Long Term,"Arrived Homes, LLC Filing 3",1503,3.0,2,2017,70,"15,617"
Bandelier,70,349900,14751,"6180 W Bandelier Ct, Tucson, AZ 85742",Tucson,17320,12980,2/3/2022,-275,Occupied,8/26/2024,1/14/2022,9/30/2022,3500,Long Term,"Arrived Homes, LLC Filing 3",1900,3.0,2,2015,70,"14,751"
Scepter,78,270000,11612,"216 E Scepter Ln, Vail, AZ 85641",Tucson,15350,10090,2/3/2022,-50,Occupied,1/30/2025,1/14/2022,9/30/2022,3000,Long Term,"Arrived Homes, LLC Filing 3",1500,3.0,2.5,2019,70,"11,612"
Ribbonwalk,77,320000,13884,"3512 Ribbonwalk Trl, Charlotte, NC 28269",Charlotte,17700,11990,2/24/2022,0,Occupied,6/10/2024,1/14/2022,9/30/2022,5000,Long Term,"Arrived Homes, LLC Filing 3",2286,4.0,2.5,2018,70,"13,884"
Ensenada,71,560000,23114,"6293 N Ensenada Ct, Aurora, CO 80019",Denver,26050,20650,2/11/2022,75,Occupied,8/16/2024,1/14/2022,9/30/2022,4000,Long Term,"Arrived Homes, LLC Filing 3",2980,5.0,3,2013,70,"23,114"
KerriAnn,67,340000,14355,"414 Kerriann Ln, Clayton, NC 27520",Raleigh-Durham,16940,12670,3/1/2022,-75,Occupied,4/26/2024,1/14/2022,9/30/2022,5000,Long Term,"Arrived Homes, LLC Filing 3",2286,3.0,2.5,2012,70,"14,355"
Grant,69,370000,16185,"1770 Grant Ct, Braselton, GA 30517",Atlanta,18230,13870,2/11/2022,205,Occupied,2/24/2024,1/14/2022,9/30/2022,8100,Long Term,"Arrived Homes, LLC Filing 3",2664,5.0,3,2014,70,"16,185"
Oly,62,526000,21841,"8880 E 106th Pl, Commerce City, CO 80640",Denver,24650,19430,2/17/2022,325,Occupied,4/8/2024,1/14/2022,9/30/2022,4500,Long Term,"Arrived Homes, LLC Filing 3",2071,4.0,2.5,2019,70,"21,841"
McLovin,63,525000,21949,"10711 Truckee Cir, Commerce City, CO 80022",Denver,24640,19460,2/1/2022,200,Occupied,4/1/2024,1/14/2022,9/30/2022,6500,Long Term,"Arrived Homes, LLC Filing 3",2933,5.0,3.5,2012,70,"21,949"
Sigma,68,385000,16171,"116 Canvasback Dr, Durham, NC 27704",Raleigh-Durham,18780,14250,2/11/2022,80,Occupied,7/1/2024,1/14/2022,9/30/2022,3500,Long Term,"Arrived Homes, LLC Filing 3",2465,4.0,2.5,2016,70,"16,171"
Diablo,66,297000,12890,"6566 S Diablo Dr, Tucson, AZ 85757",Tucson,16610,11100,2/8/2022,25,Occupied,5/19/2023,1/14/2022,9/30/2022,3500,Long Term,"Arrived Homes, LLC Filing 3",2187,4.0,2.5,2018,70,"12,890"
Greenhill,86,325406,13651,"640 Frow Dr, Elgin, SC 29045",Columbia,17590,12200,3/30/2022,380,Occupied,2/16/2024,2/15/2022,9/30/2022,2500,Long Term,"Arrived Homes, LLC Filing 4",2480,4.0,2,2021,70,"13,651"
Saint,81,318000,14781,"7713 W Long Boat Way, Tucson, AZ 85757",Tucson,16830,11920,3/9/2022,355,Occupied,2/1/2025,2/15/2022,9/30/2022,4000,Long Term,"Arrived Homes, LLC Filing 4",1813,3.0,2,2019,66.66,"14,781"
Wave,84,335000,13953,"7491 Waverly Loop, Fairburn, GA 30213",Atlanta,17890,12560,3/30/2022,100,Occupied,10/21/2024,2/15/2022,9/30/2022,5000,Long Term,"Arrived Homes, LLC Filing 4",2028,3.0,2.5,2017,70,"13,953"
Delta,80,340000,14508,"5042 Rapahoe Trl, Atlanta, GA 30349",Atlanta,18250,12750,3/25/2022,0,Occupied,9/9/2024,2/15/2022,9/30/2022,5000,Long Term,"Arrived Homes, LLC Filing 4",1997,3.0,2.5,2019,70,"14,508"
Lovejoy,82,293000,12776,"2658 Lovejoy Crossing Dr, Hampton, GA 30228",Atlanta,15760,10980,3/31/2022,100,Occupied,8/9/2023,2/15/2022,9/30/2022,7000,Long Term,"Arrived Homes, LLC Filing 4",1834,3.0,2.5,2020,70,"12,776"
Emporia,83,350000,15248,"625 Emporia Loop, McDonough, GA 30253",Atlanta,18720,13120,3/30/2022,,Vacant Unrented Ready,,2/15/2022,9/30/2022,8000,Long Term,"Arrived Homes, LLC Filing 4",2543,4.0,2.5,2018,70,"15,248"
Kawana,87,275000,12693,"28041 Kawana Ct, Harvest, AL 35749",Huntsville,14850,10310,3/31/2022,-45,Occupied,7/1/2024,2/15/2022,9/30/2022,10000,Long Term,"Arrived Homes, LLC Filing 4",2503,3.0,2.5,2012,70,"12,693"
Tuxford,85,262000,12054,"958 Tuxford Trl, Elgin, SC 29045",Columbia,14220,9820,3/10/2022,100,Occupied,5/31/2024,2/15/2022,9/30/2022,4000,Long Term,"Arrived Homes, LLC Filing 4",1788,4.0,2.5,2018,68.13,"12,054"
Hadden,92,219900,10913,"142 Hadden St, Duncan, SC 29334",Greenville-Spartanburg,12090,8240,3/31/2022,150,Occupied,6/13/2024,3/16/2022,9/30/2022,6000,Long Term,"Arrived Homes, LLC Filing 5",1183,3.0,2,2022,65.26,"10,913"
Hollandaise,91,365000,16401,"741 Hollandale Rd, La Vergne, TN 37086",Nashville,19100,13680,3/31/2022,-100,Occupied,5/9/2024,3/16/2022,9/30/2022,10000,Long Term,"Arrived Homes, LLC Filing 5",1793,3.0,2.5,2018,70,"16,401"
Terracotta,89,318000,13962,"10954 E Oak Grove Pl, Tucson, AZ 85747",Tucson,16990,11920,3/30/2022,-250,Occupied,1/31/2025,3/16/2022,9/30/2022,5500,Long Term,"Arrived Homes, LLC Filing 5",1717,3.0,2.5,2012,70,"13,962"
Otoro,90,392000,16978,"2970 Parkland Vw, Atlanta, GA 30331",Atlanta,21320,14700,3/31/2022,-376,Occupied,5/8/2024,3/16/2022,9/30/2022,9000,Long Term,"Arrived Homes, LLC Filing 5",3056,4.0,2.5,2015,70,"16,978"
Avebury,93,290000,12463,"287 Avebury Rd, Meridianville, AL 35759",Huntsville,15290,10870,3/31/2022,140,Occupied,8/5/2024,3/16/2022,9/30/2022,3000,Long Term,"Arrived Homes, LLC Filing 5",1963,3.0,2.5,2021,70,"12,463"
Chelsea,88,307845,13697,"274 Chelsea Park Rd, Chelsea, AL 35043",Birmingham,16410,11540,4/6/2022,80,Occupied,6/29/2024,3/16/2022,9/30/2022,7000,Long Term,"Arrived Homes, LLC Filing 5",1643,3.0,2.5,2022,70,"13,697"
Bedford,96,280000,12217,"808 Derby Downs Ct, Elgin, SC 29045",Columbia,15620,10500,4/13/2022,125,Occupied,8/8/2024,4/5/2022,9/30/2022,5000,Long Term,"Arrived Homes, LLC Filing 6",2809,5.0,3.5,2014,70,"12,217"
Jack,95,413755,18349,"4434 Jack Faulk St, Murfreesboro, TN 37127",Murfreesboro,21820,15510,4/22/2022,-300,Occupied,10/11/2024,4/5/2022,9/30/2022,8000,Long Term,"Arrived Homes, LLC Filing 6",2358,4.0,2.5,2022,70,"18,349"
Louise,97,275000,13233,"2615 Lily Way, Northport, AL 35473",Tuscaloosa,14790,10310,4/14/2022,150,Occupied,5/15/2024,4/5/2022,9/30/2022,5000,Long Term,"Arrived Homes, LLC Filing 6",1815,4.0,2,2016,66.18,"13,233"
Gardens,98,219900,11490,"2014 Inverness Pkwy, Tuscaloosa, AL 35405",Tuscaloosa,11770,8240,5/11/2022,200,Occupied,12/19/2023,4/5/2022,12/31/2022,3500,Long Term,"Arrived Homes, LLC Filing 6",1485,3.0,2,2004,62.07,"11,490"
Peanut,99,215000,9784,"160 Roscommon Rd, Tuscaloosa, AL 35405",Tuscaloosa,11400,8060,4/29/2022,155,Occupied,5/23/2024,4/5/2022,9/30/2022,3000,Long Term,"Arrived Homes, LLC Filing 6",1356,3.0,2,2007,68.37,"9,784"
Tulip,94,317000,13985,"7339 Tulip Trestle Ct, Northport, AL 35473",Tuscaloosa,16950,11880,4/13/2022,250,Occupied,6/30/2023,4/5/2022,9/30/2022,5500,Long Term,"Arrived Homes, LLC Filing 6",2511,5.0,3,2021,70,"13,985"
Wisteria,107,296395,12766,"9300 Cotton Fields Cr, Tuscaloosa, AL 35405",Tuscaloosa,16180,11110,5/20/2022,50,Occupied,1/19/2024,5/2/2022,12/31/2022,4000,Long Term,"Arrived Homes, LLC Filing 7",2623,4.0,3,2022,70,"12,766"
Grove,101,225000,10218,"109 Annie Lane, Pleasant Grove, AL 35127",Birmingham,12180,8430,5/31/2022,45,Occupied,7/1/2024,5/2/2022,12/31/2022,8000,Long Term,"Arrived Homes, LLC Filing 7",2050,3.0,2,2001,70,"10,218"
Point,105,382500,16596,"1129 Hilliard Lane, Clarksville, TN 37042",Clarksville,20140,14340,5/31/2022,-100,Occupied,6/24/2024,5/2/2022,12/31/2022,7500,Long Term,"Arrived Homes, LLC Filing 7",2571,4.0,3,2018,70,"16,596"
Rosewood,113,270000,12073,"2633 Lily Way, Northport, AL 35473",Tuscaloosa,14600,10120,5/25/2022,120,Occupied,9/7/2024,5/2/2022,12/31/2022,7500,Long Term,"Arrived Homes, LLC Filing 7",1828,4.0,2,2016,70,"12,073"
Mammoth,103,340000,14636,"200 Vernon Walk, McDonough, GA 30252",Atlanta,17830,12750,5/31/2022,250,Occupied,5/17/2024,5/2/2022,12/31/2022,8000,Long Term,"Arrived Homes, LLC Filing 7",2423,3.0,2,2004,70,"14,636"
Roxy,106,325000,14323,"3736 Gray Fox Drive, Clarksville, TN 37040",Clarksville,17150,12180,5/19/2022,220,Occupied,7/1/2024,5/2/2022,12/31/2022,5000,Long Term,"Arrived Homes, LLC Filing 7",2025,4.0,3,2013,70,"14,323"
Lanier,102,377000,16497,"6464 Flowery Way, Flowery Branch, GA 30542",Atlanta,19790,14130,5/20/2022,290,Occupied,1/2/2025,5/2/2022,12/31/2022,12000,Long Term,"Arrived Homes, LLC Filing 7",2284,3.0,2,2002,70,"16,497"
Heritage,110,290000,12495,"432 The Gables Drive, McDonough, GA 30253",Atlanta,15470,10870,5/31/2022,260,Occupied,7/16/2024,5/2/2022,12/31/2022,6500,Long Term,"Arrived Homes, LLC Filing 7",1986,3.0,3,2005,70,"12,495"
Heron,108,287000,12697,"8334 Whitehaven Drive, North Charleston, SC 29420",Charleston,15370,10760,5/25/2022,255,Occupied,7/1/2024,5/2/2022,12/31/2022,10000,Long Term,"Arrived Homes, LLC Filing 7",1863,4.0,3,1989,70,"12,697"
Stonebriar,109,202000,9465,"4342 Winchester Hills Drive, Birmingham, AL 35215",Birmingham,10850,7570,5/24/2022,145,Occupied,7/1/2024,5/2/2022,12/31/2022,5000,Long Term,"Arrived Homes, LLC Filing 7",1162,3.0,2,2010,66.53,"9,465"
Kirkwood,112,260000,11347,"1064 Cindy Jo Court, Clarksville, TN 37040",Clarksville,13690,9750,5/20/2022,200,Occupied,7/1/2024,5/2/2022,12/31/2022,5000,Long Term,"Arrived Homes, LLC Filing 7",1358,3.0,2,2009,70,"11,347"
McGregor,104,300000,34478,"674 Sly Fox Drive, Clarksville, TN 37040",Clarksville,15940,11250,6/1/2022,170,Occupied,7/1/2024,5/2/2022,12/31/2022,10000,Long Term,"Arrived Homes, LLC Filing 7",2011,4.0,3,2012,0,"34,478"
Magnolia,111,250000,11117,"4741 Kings Highway, Douglasville, GA 30135",Atlanta,13430,9370,5/24/2022,50,Occupied,9/4/2024,5/2/2022,12/31/2022,8000,Long Term,"Arrived Homes, LLC Filing 7",1650,3.0,2,1971,70,"11,117"
100,100,615000,69100,"2119 Herman Street, Nashville, TN 37208",Nashville,31980,23060,6/9/2022,-725,Occupied,1/10/2025,5/2/2022,12/31/2022,6000,Long Term,"Arrived Homes, LLC Filing 7",1766,3.0,3,2020,0,"69,100"
Wildwood,118,220000,14669,"1672 Southern Heights Circle SE, Cleveland, TN 37311",Chattanooga,11830,8250,6/17/2022,325,Occupied,8/4/2023,5/20/2022,12/31/2022,10000,Long Term,"Arrived Homes, LLC Filing 8",1316,3.0,2,2017,50,"14,669"
Madison,119,205000,13610,"902 Appleby Street NW, Huntsville, AL 35816",Huntsville,11320,7680,6/14/2022,4,Occupied,4/5/2024,5/20/2022,12/31/2022,10000,Long Term,"Arrived Homes, LLC Filing 8",1326,3.0,2,2015,50,"13,610"
Swift,116,346000,39493,"3010 Chris Circle, Villa Rica, GA 30180",Atlanta,18520,12970,6/24/2022,0,Occupied,9/9/2024,5/20/2022,12/31/2022,5000,Long Term,"Arrived Homes, LLC Filing 8",2384,5.0,3,2019,0,"39,493"
Apollo,114,195000,8997,"609 Marguerite Drive NW, Huntsville, AL 35805",Huntsville,10540,7500,6/24/2022,50,Occupied,9/9/2024,5/20/2022,12/31/2022,5000,Long Term,"Arrived Homes, LLC Filing 8",1319,3.0,2,1960,70,"8,997"
Wescott,117,272500,17758,"416 Sandburg Drive, Clarksville, TN 37042",Clarksville,14540,10210,6/24/2022,-75,Occupied,12/29/2023,5/20/2022,12/31/2022,5000,Long Term,"Arrived Homes, LLC Filing 8",1839,3.0,3,1997,50,"17,758"
Baron,115,570000,65012,"12421 E 105th Place, Commerce City, CO 80022",Denver,29290,21370,6/17/2022,325,Occupied,8/30/2024,5/20/2022,12/31/2022,10000,Long Term,"Arrived Homes, LLC Filing 8",2363,3.0,3,2017,0,"65,012"
Nugget,123,562000,62421,"10134 Zeno Street, Commerce City, CO 80022",Denver,29050,21070,6/24/2022,305,Occupied,7/1/2024,5/26/2022,12/31/2022,5000,Long Term,"Arrived Homes, LLC Filing 9",2210,3.0,3,2020,0,"62,421"
Pearl,124,546000,61227,"1929 14th Ave N, Nashville, TN 37208",Nashville,28350,20470,6/17/2022,,Vacant Unrented Ready,,5/26/2022,12/31/2022,5000,Long Term,"Arrived Homes, LLC Filing 9",1732,3.0,3,2017,0,"61,227"
Lannister,122,175000,9463,"2263 Reece Blvd, Tuscaloosa, AL 35401",Tuscaloosa,9560,7500,6/17/2022,150,Occupied,9/19/2024,5/26/2022,12/31/2022,10000,Long Term,"Arrived Homes, LLC Filing 9",1176,3.0,2,2008,66,"9,463"
Burlington,121,653500,72212,"10289 Nucla St, Commerce City, CO 80022",Denver,33830,24500,6/24/2022,-200,Occupied,10/24/2024,5/26/2022,12/31/2022,7000,Long Term,"Arrived Homes, LLC Filing 9",2727,5.0,4,2013,0,"72,212"
Abbington,120,480000,54865,"3361 Cain Harbor Dr, Nashville, TN 37214",Nashville,24880,18000,6/17/2022,215,Occupied,7/1/2024,5/26/2022,12/31/2022,8000,Long Term,"Arrived Homes, LLC Filing 9",2097,3.0,3,2005,0,"54,865"
Sheezy,230,233000,27235,"2901 Dodson Avenue, Chattanooga, TN 37406",Chattanooga,8150,9660,3/23/2023,295,Occupied,3/1/2025,2/22/2023,9/30/2023,5000,Long Term,"Arrived Homes 3, LLC Filing 0",1650,4.0,3,2022,0,"27,235"
Chilhowee,229,323840,37653,"8615 Satellite Lane, Knoxville, TN 37920",Knoxville,11330,13430,3/27/2023,0,Occupied,12/9/2024,2/22/2023,9/30/2023,5000,Long Term,"Arrived Homes 3, LLC Filing 0",2511,5.0,2.5,2022,0,"37,653"
Bowling,252,208000,24349,"1629 North Street SE, Decatur, AL 35601",Huntsville,7280,8630,3/23/2023,205,Occupied,3/10/2025,3/2/2023,9/30/2023,5000,Long Term,"Arrived Homes 3, LLC Filing 1",1487,3.0,2,2022,0,"24,349"
Cristalino,250,310000,36203,"10227 Cristalino Road SW, Albuquerque, NM 87121",Albuquerque,10850,12860,4/10/2023,200,Occupied,2/21/2024,3/2/2023,10/31/2023,7000,Long Term,"Arrived Homes 3, LLC Filing 1",2800,4.0,3,2007,0,"36,203"
Haven,215,185000,21753,"5523 Torri Park Drive, Cottondale, AL 35453",Tuscaloosa,6470,7670,3/23/2023,250,Occupied,7/29/2024,3/2/2023,9/30/2023,5000,Long Term,"Arrived Homes 3, LLC Filing 1",1312,3.0,2,2022,0,"21,753"
Hermanos,251,310000,36296,"9308 Cinder Place NW, Albuquerque, NM 87120",Albuquerque,10850,12860,3/23/2023,-100,Occupied,8/21/2024,3/2/2023,9/30/2023,8000,Long Term,"Arrived Homes 3, LLC Filing 1",2247,4.0,3,2007,0,"36,296"
Emelina,253,250000,29047,"4967 Easton Drive, Tuscaloosa, AL 35405",Tuscaloosa,8750,10370,3/23/2023,,Vacant Unrented Ready,,3/2/2023,9/30/2023,5000,Long Term,"Arrived Homes 3, LLC Filing 1",1925,3.0,2,2006,0,"29,047"
Caden,254,250000,29379,"2044 Laurel Lake Drive, Tuscaloosa, AL 35405",Tuscaloosa,8750,10370,3/23/2023,0,Occupied,11/11/2024,3/2/2023,9/30/2023,8000,Long Term,"Arrived Homes 3, LLC Filing 1",1812,4.0,2,2016,0,"29,379"
Pebblestone,413,336425,39117,"1641 Pebblestone Court, Morristown, TN 37814",Knoxville,11770,13960,12/11/2023,150,Occupied,2/16/2024,11/21/2023,6/30/2024,6000,Long Term,"Arrived Homes 3, LLC Filing 10",2686,4.0,3.5,2023,0,"39,117"
Keystone,414,346780,40297,"1675 Pebblestone Court, Morristown, TN 37814",Knoxville,12130,14390,12/13/2023,444,Occupied,1/31/2024,11/21/2023,6/30/2024,6000,Long Term,"Arrived Homes 3, LLC Filing 10",2686,4.0,3.5,2023,0,"40,297"
Hardman,412,387500,44735,"1702 Oak Street, Chattanooga, TN 37404",Chattanooga,13560,16080,12/21/2023,100,Occupied,11/30/2023,11/21/2023,6/30/2024,4200,Long Term,"Arrived Homes 3, LLC Filing 10",1911,4.0,2,2023,0,"44,735"
Collinison,411,301000,35607,"5048 Cottonseed Way, Morristown, TN 37814",Knoxville,10530,12490,12/21/2023,200,Occupied,12/31/2024,11/21/2023,6/30/2024,11000,Long Term,"Arrived Homes 3, LLC Filing 10",1991,4.0,2.5,2023,0,"35,607"
Northbrook,415,281990,33357,"7325 Longmeadow Drive, Horn Lake, MS 38637",Memphis,9860,11700,12/11/2023,0,Occupied,4/1/2024,11/21/2023,6/30/2024,10500,Long Term,"Arrived Homes 3, LLC Filing 10",1774,4.0,2,2023,0,"33,357"
Ross,419,333070,39374,"138 Lindsell Road, Athens, TN 37303",Chattanooga,11650,13820,1/26/2024,125,Occupied,1/5/2024,12/19/2023,7/31/2024,12500,Long Term,"Arrived Homes 3, LLC Filing 11",2618,5.0,2.5,2023,0,"39,374"
Rachel,417,288620,34162,"186 Lindsell Road, Athens, TN 37303",Chattanooga,10100,11970,1/31/2024,100,Occupied,3/4/2025,12/19/2023,7/31/2024,11000,Long Term,"Arrived Homes 3, LLC Filing 11",1991,4.0,2.5,2023,0,"34,162"
Wyndhurst,421,311400,36716,"185 List Road, Huntsville, AL 35810",Huntsville,10890,12920,1/18/2024,-150,Occupied,3/12/2025,12/19/2023,7/31/2024,11500,Long Term,"Arrived Homes 3, LLC Filing 11",2108,4.0,3,2023,0,"36,716"
Frances,418,277990,32874,"8967 Mary Frances Drive, Southaven, MS 38671",Memphis,9720,11530,1/31/2024,125,Occupied,1/17/2024,12/19/2023,7/31/2024,10500,Long Term,"Arrived Homes 3, LLC Filing 11",1774,4.0,2,2023,0,"32,874"
Vanzant,422,355000,41585,"1016 Clayton Road, Cave Springs, AR 72718",Northwest Arkansas,12420,14730,1/26/2024,150,Occupied,2/9/2024,12/19/2023,7/31/2024,10500,Long Term,"Arrived Homes 3, LLC Filing 11",1649,4.0,2,2023,0,"41,585"
Northridge,420,269900,31955,"441 Deluth Drive, Bowling Green, KY 42101",Bowling Green,9440,11200,1/12/2024,-100,Occupied,4/22/2024,12/19/2023,7/31/2024,10500,Long Term,"Arrived Homes 3, LLC Filing 11",1700,4.0,2,2023,0,"31,955"
Glenncrest,430,290000,33609,"15995 Glenncrest Lane NW, Harvest, AL 35749",Huntsville,10150,12030,6/20/2024,200,Occupied,1/5/2024,5/30/2024,12/31/2024,4700,Long Term,"Arrived Homes 3, LLC Filing 12",1863,4.0,2,2020,0,"33,609"
Oakland,431,307000,36033,"4310 Ohls Avenue, Chattanooga, TN 37410",Chattanooga,10740,12740,7/11/2024,125,Occupied,3/29/2024,5/30/2024,7/31/2025,10000,Long Term,"Arrived Homes 3, LLC Filing 12",2120,4.0,3,2022,0,"36,033"
Phoebe,433,276105,32691,"139 Lindsell Road, Athens, TN 37303",Chattanooga,9660,11450,6/20/2024,115,Occupied,4/1/2025,5/30/2024,12/31/2024,11000,Long Term,"Arrived Homes 3, LLC Filing 12",1991,4.0,2.5,2022,0,"32,691"
Laurel,432,335245,39382,"1112 Ridge Parke, Kingsport, TN 37663",Knoxville,11730,13910,6/20/2024,125,Occupied,2/7/2024,5/30/2024,12/31/2024,11500,Long Term,"Arrived Homes 3, LLC Filing 12",2361,5.0,3,2023,0,"39,382"
Sedgefield,471,302900,36080,"4005 Tenderten Way, Greensboro, NC 27405",Greensboro,10600,15140,8/2/2024,125,Occupied,3/22/2024,7/10/2024,8/31/2025,11000,Long Term,"Arrived Homes 3, LLC Filing 13",2013,4.0,2.5,2023,0,"36,080"
Johnson,470,326070,38841,"1078 Clearwater Lane, Johnson City, TN 37601",Northeast Tennessee,11410,16300,8/12/2024,225,Occupied,7/24/2024,7/10/2024,8/31/2025,12000,Long Term,"Arrived Homes 3, LLC Filing 13",2174,4.0,3,2024,0,"38,481"
Seneca,488,294900,35197,"7123 Train Station Way, Louisville, KY 40272",Louisville,10320,14740,10/21/2024,150,Occupied,10/31/2024,9/27/2024,10/31/2025,12000,Long Term,"Arrived Homes 3, LLC Filing 14",2053,4.0,3,2024,0,"35,197"
Robinson,487,323990,38515,"2070 Hyacinth Lane, Hernando, MS 38632",Memphis,11330,16190,11/27/2024,250,Occupied,11/6/2024,10/31/2024,11/30/2025,12000,Long Term,"Arrived Homes 3, LLC Filing 14",2016,5.0,3,2024,0,"38,515"
Boxwood,504,324990,"38,181","2068 Tulip Drive, Hernando, MS 38632",Memphis,11280,16120,2/18/2025,100,Occupied,2/14/2025,12/23/2024,2/28/2026,10000,Long Term,"Arrived Homes 3, LLC Filing 15",2025,4.0,3,2024,0,"38,181"
Langley,505,335000,39184,"731 30th Street, Newport News, VA 23607",Hampton Roads,11550,16500,1/10/2025,250,Occupied,12/23/2024,12/18/2024,1/31/2026,10000,Long Term,"Arrived Homes 3, LLC Filing 15",2700,4.0,3,2024,0,"39,184"
Adams,502,304000,36087,"2302 Beacon Road, Talbott , TN 27877",Knoxville,10640,15200,1/10/2025,25,Occupied,12/30/2024,12/23/2024,1/31/2026,10000,Long Term,"Arrived Homes 3, LLC Filing 15",1966,4.0,2.5,2022,0,"36,087"
Spangler,509,382000,45431,"2807 Bentwood Drive, Independence, KY 41051",Cincinnati,13370,19100,2/3/2025,-50,Occupied,4/8/2025,1/9/2025,2/28/2026,15000,Long Term,"Arrived Homes 3, LLC Filing 15",2804,4.0,2.5,2014,0,"45,441"
Tomlinson,510,245000,29289,"955 Mossy Stone Court, Bowling Green, KY 42101",Bowling Green,8570,12250,3/31/2025,205,Occupied,3/14/2025,2/6/2025,3/31/2026,10000,Long Term,"Arrived Homes 3, LLC Filing 15",1643,4.0,2,2015,0,"29,299"
Bayne,503,347625,41105,"821 Magnolia Ridge Drive, Blountville, TN 37617",Northeast Tennessee,12160,17380,2/3/2025,225,Occupied,1/24/2025,12/30/2024,2/28/2026,10000,Long Term,"Arrived Homes 3, LLC Filing 15",2511,5.0,3,2024,0,"41,105"
Presidio,508,242000,"28,661","4047 Little Bighorn Drive, Indianapolis, IN 46235",Indianapolis,8470,12100,2/24/2025,50,Occupied,2/13/2025,1/23/2025,2/28/2026,8000,Long Term,"Arrived Homes 3, LLC Filing 15",1698,4.0,2.5,2018,0,"28,661"
Misty,506,345000,40814,"5410 Misty Crossing Court, Florissant, MO 63034",St Louis,12070,17250,12/31/2024,200,Occupied,12/10/2024,12/18/2024,12/31/2025,12000,Long Term,"Arrived Homes 3, LLC Filing 15",3000,4.0,3,2017,0,"40,814"
Metallo,507,299000,34888,"5318 Selah Street, Springdale, AR 72764",Fayetteville,10290,14700,1/29/2025,,Vacant Unrented Ready,,12/30/2024,1/31/2026,10000,Long Term,"Arrived Homes 3, LLC Filing 15",1898,3.0,2.5,2024,0,"34,908"
Camellia,260,255000,30809,"124 Shadow Court SW, Huntsville, AL 35824",Huntsville,8920,10580,4/14/2023,210,Occupied,4/19/2025,3/21/2023,10/31/2023,16000,Long Term,"Arrived Homes 3, LLC Filing 2",1820,3.0,2,2007,0,"30,809"
Palmore,261,200000,24173,"1700 Crabtree Circle, Tuscaloosa, AL 35405",Tuscaloosa,7000,8300,4/28/2023,125,Occupied,4/27/2023,3/21/2023,10/31/2023,12000,Long Term,"Arrived Homes 3, LLC Filing 2",1400,3.0,2,2001,0,"24,173"
Brookwood,262,280500,32866,"1801 Blossom Lane, Austell, GA 30168",Atlanta,9810,11640,4/14/2023,-50,Occupied,8/15/2023,3/21/2023,10/31/2023,8000,Long Term,"Arrived Homes 3, LLC Filing 2",1532,3.0,2,2018,0,"32,866"
Lithonia,263,283050,33143,"1769 Cutters Mill Way, Lithonia, GA 30058",Atlanta,9900,11740,4/17/2023,0,Occupied,4/5/2024,3/21/2023,10/31/2023,8000,Long Term,"Arrived Homes 3, LLC Filing 2",1985,4.0,2.5,2005,0,"33,143"
Woodwind,265,255000,30007,"224 Woodwind Drive, Rockmart, GA 30153",Atlanta,8920,10580,4/17/2023,-100,Occupied,4/7/2025,3/21/2023,10/31/2023,8000,Long Term,"Arrived Homes 3, LLC Filing 2",1358,3.0,2,2001,0,"30,007"
Haverhill,264,234600,27716,"431 Haverhill Lane, Jonesboro, GA 30236",Atlanta,8210,9730,4/17/2023,50,Occupied,7/14/2023,3/21/2023,10/31/2023,8000,Long Term,"Arrived Homes 3, LLC Filing 2",1844,3.0,2,2005,0,"27,716"
Aspen,266,267750,31483,"105 Aspen Forest Drive, Covington, GA 30016",Atlanta,9370,11110,4/14/2023,-180,Occupied,3/4/2025,3/21/2023,10/31/2023,8000,Long Term,"Arrived Homes 3, LLC Filing 2",1892,4.0,2,2002,0,"31,483"
Thomas,267,219300,25863,"56 Boone Drive, Newnan, GA 30263",Atlanta,7670,9100,4/10/2023,,Vacant Unrented Not Ready,,3/21/2023,10/31/2023,8000,Long Term,"Arrived Homes 3, LLC Filing 2",1276,3.0,2,2006,0,"25,863"
Bennett,268,211650,25108,"19 Bennett Street, Newnan, GA 30263",Atlanta,7400,8780,4/17/2023,200,Occupied,7/5/2023,3/21/2023,10/31/2023,8000,Long Term,"Arrived Homes 3, LLC Filing 2",1428,3.0,2,2005,0,"25,108"
Summerglen,273,241879,28678,"29433 E 79th Place S, Broken Arrow, OK 74014",Tulsa,8460,10030,4/20/2023,100,Occupied,6/6/2023,4/3/2023,10/31/2023,8000,Long Term,"Arrived Homes 3, LLC Filing 3",1519,4.0,2,2023,0,"28,678"
Portsmouth,274,213000,25822,"781 C Avenue, Norfolk, VA 23504",Hampton Roads,7450,8830,4/20/2023,200,Occupied,5/17/2023,4/3/2023,10/31/2023,12000,Long Term,"Arrived Homes 3, LLC Filing 3",1470,3.0,2,1900,0,"25,822"
Benny,271,255000,30467,"1319 N Umbrella Ave, Broken Arrow, OK 74012",Tulsa,8920,10580,4/20/2023,0,Occupied,10/13/2023,4/3/2023,10/31/2023,12000,Long Term,"Arrived Homes 3, LLC Filing 3",2216,4.0,2,1992,0,"30,467"
Montgomery,272,205000,24704,"424 Tree Line Drive, Montgomery, AL 36117",Montgomery,7170,8500,4/28/2023,150,Occupied,3/26/2024,4/3/2023,10/31/2023,12000,Long Term,"Arrived Homes 3, LLC Filing 3",1554,3.0,2,2008,0,"24,704"
Westhaven,275,255000,30342,"824 Kilby Avenue, Suffolk, VA 23434",Hampton Roads,8920,10580,4/20/2023,125,Occupied,12/18/2024,4/3/2023,10/31/2023,10000,Long Term,"Arrived Homes 3, LLC Filing 3",1600,3.0,2.5,2022,0,"30,342"
Holmes,279,176290,21217,"900 West 23rd Street, North Little Rock, AR 72114",Little Rock,6170,7500,5/8/2023,,Vacant Unrented Ready,,4/12/2023,11/30/2023,10000,Long Term,"Arrived Homes 3, LLC Filing 4",1250,3.0,2,2023,0,"21,217"
Watson,278,176290,21247,"904 West 23rd Street, North Little Rock, AR 72114",Little Rock,6170,7500,5/8/2023,300,Occupied,7/7/2023,4/12/2023,11/30/2023,10000,Long Term,"Arrived Homes 3, LLC Filing 4",1250,3.0,2,2023,0,"21,247"
Wheeler,277,208000,25037,"1627 N Street SE, Decatur, AL 35601",Huntsville,7280,8630,5/8/2023,254,Occupied,5/18/2023,4/12/2023,11/30/2023,12000,Long Term,"Arrived Homes 3, LLC Filing 4",1487,3.0,2,2022,0,"25,037"
Cordero,276,255000,33155,"1028 Alexandra St SW, Albuquerque, NM 87121",Albuquerque,8920,10580,5/8/2023,100,Occupied,6/6/2023,4/12/2023,11/30/2023,37000,Long Term,"Arrived Homes 3, LLC Filing 4",1563,3.0,2.5,2005,0,"33,155"
Hamblen,280,256285,30625,"227 Belle Court, Talbott, TN 37877",Knoxville,8960,10630,5/8/2023,200,Occupied,4/28/2023,4/12/2023,11/30/2023,12000,Long Term,"Arrived Homes 3, LLC Filing 4",1927,4.0,2.5,2023,0,"30,625"
Ethan,281,193000,23365,"440 Tree Line Drive, Montgomery, AL 36117",Montgomery,6750,8000,5/18/2023,180,Occupied,6/26/2023,4/18/2023,11/30/2023,12000,Long Term,"Arrived Homes 3, LLC Filing 4",1480,3.0,2,2014,0,"23,365"
Helmerich,282,254340,30032,"11621 S 277th E Avenue, Coweta, OK 74429",Tulsa,8900,10550,5/4/2023,100,Occupied,6/19/2023,4/18/2023,10/31/2023,8000,Long Term,"Arrived Homes 3, LLC Filing 5",1613,4.0,2,2023,0,"30,032"
Claremore,283,234500,27799,"1011 W Cheyenne Lane, Claremore, OK 74019",Tulsa,8200,9730,5/16/2023,-75,Occupied,11/22/2024,4/18/2023,11/30/2023,8000,Long Term,"Arrived Homes 3, LLC Filing 5",1630,4.0,2,2023,0,"27,799"
Haikey,287,244605,28951,"14910 E 39th Street S, Tulsa, OK 74134",Tulsa,8560,10150,5/4/2023,100,Occupied,6/30/2023,4/18/2023,10/31/2023,8000,Long Term,"Arrived Homes 3, LLC Filing 5",1694,4.0,2,2023,0,"28,951"
Bryant,284,279900,32931,"148 Gambrell Road, Hinesville, GA 31313",Savannah,9790,11610,5/4/2023,100,Occupied,7/27/2023,4/12/2023,10/31/2023,10000,Long Term,"Arrived Homes 3, LLC Filing 5",1962,4.0,2.5,2021,0,"32,931"
Wynde,286,250000,29828,"29946 Glenrose Way, Harvest, AL 35749",Huntsville,8750,10370,5/4/2023,175,Occupied,7/14/2023,4/12/2023,10/31/2023,12000,Long Term,"Arrived Homes 3, LLC Filing 5",2240,3.0,2.5,2009,0,"29,828"
Hancock,285,270000,31987,"1715 Ethan Way, Hephzibah, GA 30815",Augusta,9450,11200,4/28/2023,50,Occupied,9/19/2023,4/12/2023,10/31/2023,12000,Long Term,"Arrived Homes 3, LLC Filing 5",2347,4.0,2.5,2016,0,"31,987"
Arkoma,291,237000,28344,"8008 Dogwood Drive, Fort Smith, AR 72916",Fort Smith,8290,9830,10/13/2023,100,Occupied,5/26/2023,9/21/2023,4/30/2024,12000,Long Term,"Arrived Homes 3, LLC Filing 6",1691,4.0,2,2023,0,"28,344"
Gordon,292,255000,30443,"545 Post Oak Lane, Augusta, GA 30909",Augusta,8920,10580,10/17/2023,0,Occupied,9/5/2023,9/21/2023,4/30/2024,12000,Long Term,"Arrived Homes 3, LLC Filing 6",1774,4.0,2,2020,0,"30,443"
Woodland,294,160000,19529,"3560 21st Street, Tuscaloosa, AL 35401",Tuscaloosa,5600,7500,10/17/2023,200,Occupied,6/30/2023,9/21/2023,4/30/2024,10000,Long Term,"Arrived Homes 3, LLC Filing 6",1230,3.0,2,2014,0,"19,529"
Meridian,296,265000,31551,"214 Bermuda Lakes Drive, Meridianville, AL 35759",Huntsville,9270,10990,10/18/2023,120,Occupied,10/1/2024,9/26/2023,4/30/2024,12000,Long Term,"Arrived Homes 3, LLC Filing 6",2292,3.0,2.5,2011,0,"31,551"
Pongo,297,332500,39188,"3413 Durham Lane, Charlotte, NC 28269",Charlotte,11630,13790,10/17/2023,0,Occupied,8/25/2023,9/21/2023,4/30/2024,12000,Long Term,"Arrived Homes 3, LLC Filing 6",1933,4.0,2.5,2023,0,"39,188"
Perdita,298,332500,39218,"3417 Durham Lane, Charlotte, NC 28269",Charlotte,11630,13790,10/17/2023,-100,Occupied,9/18/2023,9/21/2023,4/30/2024,12000,Long Term,"Arrived Homes 3, LLC Filing 6",1933,4.0,2.5,2023,0,"39,218"
Lucas,293,255000,30209,"623 Amhearst Row, Hinesville, GA 31313",Savannah,8920,10580,10/17/2023,150,Occupied,3/24/2025,9/21/2023,4/30/2024,10000,Long Term,"Arrived Homes 3, LLC Filing 6",2046,3.0,2.5,2013,0,"30,209"
Macomber,295,275000,32715,"1012 Sweetbay Court, Hinesville, GA 31313",Savannah,9620,11410,10/17/2023,225,Occupied,6/21/2024,9/21/2023,4/30/2024,12000,Long Term,"Arrived Homes 3, LLC Filing 6",2168,4.0,2.5,2020,0,"32,715"
Bean,372,292720,34106,"487 Cox Hollow Road, Kingsport, TN 37663",Northeast Tennessee,10240,12140,10/25/2023,-50,Occupied,12/15/2023,10/11/2023,4/30/2024,6000,Long Term,"Arrived Homes 3, LLC Filing 7",2174,4.0,2.5,2023,0,"34,106"
Williamson,402,285000,33603,"1803 1/2 N 28th Street, Richmond, VA 23223",Richmond,9970,11820,10/17/2023,325,Occupied,7/19/2023,9/28/2023,4/30/2024,8000,Long Term,"Arrived Homes 3, LLC Filing 7",1728,3.0,2.5,2022,0,"33,603"
Liberty,394,250000,29816,"1801 White Cedar Way, Hinesville, GA 31313",Savannah,8750,10370,10/18/2023,150,Occupied,5/22/2024,10/3/2023,4/30/2024,12000,Long Term,"Arrived Homes 3, LLC Filing 7",1710,4.0,2.5,2018,0,"29,816"
Mallard,395,208000,25109,"1612 College Street SE, Decatur, AL 35601",Huntsville,7280,8630,10/13/2023,300,Occupied,5/30/2023,9/28/2023,4/30/2024,12000,Long Term,"Arrived Homes 3, LLC Filing 7",1527,3.0,2,2023,0,"25,109"
Riverwood,396,288000,35112,"400 Louise Way, Locust Grove, GA 30248",Atlanta,10080,11950,10/23/2023,-55,Occupied,9/14/2023,9/28/2023,4/30/2024,22000,Long Term,"Arrived Homes 3, LLC Filing 7",2210,4.0,2.5,2015,0,"35,112"
Sherwood,399,175000,21451,"724 W 23rd Street, North Little Rock, AR 72114",Little Rock,6120,7500,10/25/2023,200,Occupied,11/10/2023,10/3/2023,4/30/2024,12000,Long Term,"Arrived Homes 3, LLC Filing 7",1250,3.0,2,2023,0,"21,451"
Bradford,392,305000,36134,"4509 Wildwood Avenue, Charlotte, NC 28208",Charlotte,10670,12650,10/25/2023,25,Occupied,9/12/2023,10/3/2023,4/30/2024,12000,Long Term,"Arrived Homes 3, LLC Filing 7",1660,4.0,2,2022,0,"36,134"
Barclay,390,307000,36361,"646 S. Hoskins Road, Charlotte, NC 28208",Charlotte,10740,12740,10/18/2023,100,Occupied,6/1/2023,9/28/2023,4/30/2024,12000,Long Term,"Arrived Homes 3, LLC Filing 7",1698,4.0,2,2023,0,"36,361"
Tytus,401,260000,30758,"3310 Tytus Avenue, Middletown, OH 45042",Cincinnati,9100,10790,10/18/2023,150,Occupied,8/15/2023,9/28/2023,4/30/2024,10000,Long Term,"Arrived Homes 3, LLC Filing 7",1616,3.0,3,2023,0,"30,758"
Bluebell,388,300000,35507,"3518 Alpha Court, Erlanger, KY 41018",Cincinnati,10500,12450,10/25/2023,100,Occupied,7/21/2023,10/3/2023,4/30/2024,12000,Long Term,"Arrived Homes 3, LLC Filing 7",1900,3.0,2.5,2022,0,"35,507"
Tansel,400,326500,38471,"107 Danielle Loop, Rincon, GA 31326",Savannah,11420,13540,10/27/2023,-100,Occupied,4/7/2025,10/11/2023,4/30/2024,12000,Long Term,"Arrived Homes 3, LLC Filing 7",2249,4.0,2.5,2019,0,"38,471"
Caterpillar,393,300000,35738,"2880 Alpin Drive, Jacksonville, FL 32218",Jacksonville,10500,12450,10/25/2023,-300,Occupied,10/23/2023,10/3/2023,4/30/2024,12000,Long Term,"Arrived Homes 3, LLC Filing 7",1816,4.0,2,2020,0,"35,738"
Antares,387,310000,36602,"67 Cavalry Court, Rossville, GA 30741",Chattanooga,10850,12860,11/16/2023,-150,Occupied,10/20/2023,10/11/2023,5/31/2024,12000,Long Term,"Arrived Homes 3, LLC Filing 7",1872,3.0,2.5,2019,0,"36,602"
Zane,398,163000,20062,"6253 Burbank Crossing Loop, Montgomery, AL 36117",Montgomery,5700,7500,11/1/2023,180,Occupied,7/7/2023,10/11/2023,4/30/2024,12000,Long Term,"Arrived Homes 3, LLC Filing 7",1251,3.0,2,2007,0,"20,062"
Athos,391,290000,34352,"12 Anzio Avenue, Hinesville, GA 31313",Savannah,10150,12030,10/18/2023,0,Occupied,9/1/2023,9/28/2023,4/30/2024,12000,Long Term,"Arrived Homes 3, LLC Filing 7",2426,4.0,2.5,2012,0,"34,352"
Aramis,389,300000,35272,"120 Greyson Street, Augusta, GA 30909",Augusta,10500,12450,10/18/2023,-125,Occupied,12/15/2023,10/3/2023,4/30/2024,10000,Long Term,"Arrived Homes 3, LLC Filing 7",2185,4.0,2.5,2019,0,"35,272"
Roanoke,397,335000,39665,"2913 Roanoke Avenue, Newport News, VA 23607",Hampton Roads,11720,13900,10/18/2023,200,Occupied,7/25/2023,9/28/2023,4/30/2024,12000,Long Term,"Arrived Homes 3, LLC Filing 7",2600,4.0,3.5,2022,0,"39,665"
Ellie,376,286660,33474,"346 Everleigh Circle, Talbott, TN 37877",Knoxville,10030,11890,10/25/2023,25,Occupied,4/17/2025,10/3/2023,4/30/2024,6000,Long Term,"Arrived Homes 3, LLC Filing 7",2361,5.0,3,2023,0,"33,474"
Sansa,404,180000,21995,"812 W 21st Street, North Little Rock, AR 72114",Little Rock,6300,7500,11/16/2023,100,Occupied,11/8/2023,10/26/2023,5/31/2024,12000,Long Term,"Arrived Homes 3, LLC Filing 8",1250,3.0,2,2023,0,"21,995"
Arya,403,180000,21993,"814 W 21st Street, North Little Rock, AR 72115",Little Rock,6300,7500,11/16/2023,100,Occupied,12/18/2023,10/26/2023,5/31/2024,12000,Long Term,"Arrived Homes 3, LLC Filing 8",1250,3.0,2,2023,0,"21,993"
Marcy,405,180000,21995,"823 W 20th Street, North Little Rock, AR 72114",Little Rock,6300,7500,11/16/2023,50,Occupied,1/11/2024,10/26/2023,5/31/2024,12000,Long Term,"Arrived Homes 3, LLC Filing 8",1250,3.0,2,2023,0,"21,995"
Layla,408,323670,38293,"313 Aspen Drive, Jefferson City, TN 37760",Knoxville,11320,13430,11/30/2023,75,Occupied,1/30/2024,11/14/2023,5/31/2024,12100,Long Term,"Arrived Homes 3, LLC Filing 9",2500,5.0,3,2023,0,"38,293"
Lola,409,301135,35610,"336 Aspen Drive, Jefferson City, TN 37760",Knoxville,10530,12490,11/30/2023,125,Occupied,12/18/2023,11/14/2023,5/31/2024,11000,Long Term,"Arrived Homes 3, LLC Filing 9",1991,4.0,2.5,2023,0,"35,610"
Haybridge,407,360000,42241,"3715 Oakwood Road, Charlotte, NC 28269",Charlotte,12600,14940,12/1/2023,-100,Occupied,3/14/2025,11/14/2023,5/31/2024,10701,Long Term,"Arrived Homes 3, LLC Filing 9",1865,4.0,2.5,2023,0,"42,241"
Hedgecrest,406,360000,42241,"3719 Oakwood Road, Charlotte, NC 28269",Charlotte,12600,14940,12/1/2023,-100,Occupied,3/22/2024,11/14/2023,5/31/2024,10701,Long Term,"Arrived Homes 3, LLC Filing 9",1865,4.0,2.5,2023,0,"42,241"
Ratliff,410,319165,37654,"1117 Amber Vista Lane, Knoxville, TN 37914",Knoxville,11170,13240,11/30/2023,125,Occupied,5/1/2024,11/14/2023,5/31/2024,11000,Long Term,"Arrived Homes 3, LLC Filing 9",1991,4.0,2.5,2023,0,"37,654"
Tyner,460,427810,"50,279","8227 Wind Lake Court, Ooltewah, TN 37363",Chattanooga,14970,21390,5/28/2024,-75,Occupied,8/14/2024,5/2/2024,11/30/2024,12000,Long Term,"Arrived Homes 4, LLC Filing 0",1821,4.0,2.5,2024,0,"50,279"
Breckenridge,459,371635,43833,"148 Breckenridge Trace, Kingsport, TN 37663",Knoxville,13000,18580,5/28/2024,225,Occupied,5/1/2024,5/2/2024,11/30/2024,11500,Long Term,"Arrived Homes 4, LLC Filing 0",2804,4.0,2.5,2023,0,"43,833"
Allen,463,301050,35577,"702 Newtons Way, Kingsport, TN 37663",Northeast Tennessee,10530,15050,6/27/2024,,Vacant Unrented Not Ready,,6/6/2024,12/31/2024,8000,Long Term,"Arrived Homes 4, LLC Filing 1",2174,4.0,2.5,2023,0,"35,577"
Cordelia,462,355000,41945,"7814 Hancock Road, Chattanooga, TN 37416",Chattanooga,12420,17750,7/16/2024,0,Occupied,8/30/2024,6/6/2024,7/31/2025,10000,Long Term,"Arrived Homes 4, LLC Filing 1",2100,4.0,2.5,2022,0,"41,945"
Sanford,464,179500,21474,"2004 W Long 17th Street, North Little Rock, AR 72114",Little Rock,6280,8970,6/24/2024,250,Occupied,7/1/2024,6/6/2024,12/31/2024,6000,Long Term,"Arrived Homes 4, LLC Filing 1",1250,3.0,2,2024,0,"21,474"
Resolana,467,293500,35012,"1000 El Paseo St NW, Rio Ranch, NM 87144",Albuquerque,10270,14670,8/5/2024,125,Occupied,7/11/2024,7/2/2024,8/31/2025,11000,Long Term,"Arrived Homes 4, LLC Filing 2",1559,3.0,2,2014,0,"35,012"
Westgate,468,343000,"41,097","813 Greene Meadow Drive, Talbott, TN 37877",Knoxville,12000,17150,7/23/2024,,Vacant Unrented Not Ready,,6/27/2024,7/31/2025,15000,Long Term,"Arrived Homes 4, LLC Filing 2",2618,5.0,3.5,2023,0,"41,097"
Dan,466,299990,35563,"15678 Brickman Lane, Athens, AL 35613",Huntsville,10490,14990,7/26/2024,25,Occupied,9/2/2024,6/27/2024,7/31/2025,10000,Long Term,"Arrived Homes 4, LLC Filing 2",1703,3.0,2,2024,0,"35,563"
Monterey,469,344010,"36,062","14456 Mountain Stream Drive, Athens, AL 35613",Huntsville,12040,17200,8/20/2024,-245,Occupied,9/30/2024,7/2/2024,8/31/2025,12000,Long Term,"Arrived Homes 4, LLC Filing 2",2106,4.0,3,2024,0,"36,062"
Arnold,481,349025,36661,"316 McHenry Drive, Huntsville, AL 35811",Huntsville,12210,17450,10/11/2024,125,Occupied,9/27/2024,9/4/2024,10/31/2025,6000,Long Term,"Arrived Homes 4, LLC Filing 3",2360,5.0,2.5,2024,0,"36,661"
Gerald,473,333990,37185,"313 McHenry Drive, Huntsville, AL 35811",Huntsville,11680,16690,11/27/2024,-125,Occupied,11/8/2024,9/27/2024,11/30/2025,12000,Long Term,"Arrived Homes 4, LLC Filing 3",1938,4.0,3,2024,0,"37,185"
Mystic,474,308000,"36,662","110 Autumn Gold Court, Augusta, GA 30906",Augusta,10780,15400,9/9/2024,-225,Occupied,10/31/2024,8/16/2024,9/30/2025,12000,Long Term,"Arrived Homes 4, LLC Filing 3",2574,4.0,2.5,2024,0,"36,662"
Sandridge,477,338990,40259,"2135 Hyacinth Lane, Hernando, MS 38632",Memphis,11860,16940,9/3/2024,,Vacant Unrented Ready,,8/16/2024,9/30/2025,12000,Long Term,"Arrived Homes 4, LLC Filing 3",2025,4.0,2,2024,0,"40,259"
Sullivan,478,325000,38729,"1240 Stamp Lodge Road, Kingsport, TN 37660",Northeast Tennessee,11370,16250,9/18/2024,125,Occupied,7/29/2024,8/22/2024,9/30/2025,12000,Long Term,"Arrived Homes 4, LLC Filing 3",1991,4.0,2.5,2022,0,"38,729"
Harold,476,332490,37072,"315 McHenry Drive, Huntsville, AL 35811",Huntsville,11630,16620,10/1/2024,-200,Occupied,11/27/2024,8/28/2024,10/31/2025,12000,Long Term,"Arrived Homes 4, LLC Filing 3",2106,4.0,2,2024,0,"37,072"
Nicole,475,304360,36338,"3036 Nicole Circle, Morristown, TN 37814",Knoxville,10650,15210,9/11/2024,225,Occupied,9/2/2024,8/22/2024,9/30/2025,12000,Long Term,"Arrived Homes 4, LLC Filing 3",1821,4.0,2.5,2024,0,"36,338"
Wendell,479,298620,35126,"4022 Wendell Road Northeast, Cleveland, TN 37323",Chattanooga,10450,14930,11/14/2024,25,Occupied,12/20/2024,10/9/2024,11/30/2025,10000,Long Term,"Arrived Homes 4, LLC Filing 3",1991,4.0,2.5,2024,0,"35,126"
Wizard,480,331735,"39,293","4146 Hines Lane Northeast, Cleveland, TN 37323",Chattanooga,11610,16580,10/31/2024,-75,Occupied,12/23/2024,10/3/2024,10/31/2025,10000,Long Term,"Arrived Homes 4, LLC Filing 3",2511,5.0,3,2024,0,"39,293"
Flintwood,485,370000,43762,"10660 Fremont Drive, Independence, KY 41051",Cincinnati,12950,18500,10/8/2024,200,Occupied,8/30/2024,9/12/2024,10/31/2025,12000,Long Term,"Arrived Homes 4, LLC Filing 4",2552,4.0,2.5,2019,0,"43,762"
Cole,483,295000,35292,"1208 Cole Drive, Talbott, TN 37877",Knoxville,10320,14750,9/20/2024,225,Occupied,8/30/2024,9/4/2024,9/30/2025,12000,Long Term,"Arrived Homes 4, LLC Filing 4",2164,3.0,2.5,2023,0,"35,292"
Annadale,484,349764,41562,"4349 Lone Oak Trail NE, Cleveland, TN 37323",Chattanooga,12240,17480,11/6/2024,-200,Occupied,12/23/2024,9/12/2024,11/30/2025,12000,Long Term,"Arrived Homes 4, LLC Filing 4",2511,5.0,3,2023,0,"41,562"
Commodore,495,389883,46289,"2109 Richmond Avenue, Portsmouth, VA 23704",Hampton Roads,13640,19490,12/4/2024,0,Occupied,11/26/2024,11/14/2024,12/31/2025,12000,Long Term,"Arrived Homes 4, LLC Filing 5",2420,5.0,3,2024,0,"46,289"
Westbury,500,290000,34427,"6079 Thorntons Way Circle NW, Huntsville, AL 35810",Huntsville,10150,14500,12/18/2024,-75,Occupied,12/30/2024,11/20/2024,12/31/2025,10000,Long Term,"Arrived Homes 4, LLC Filing 5",2035,4.0,2,2022,0,"34,427"
Sachi,497,337000,39895,"216 Belle Court, Talbott, TN 37877",Knoxville,11790,16850,12/31/2024,0,Occupied,12/16/2024,11/20/2024,12/31/2025,10000,Long Term,"Arrived Homes 4, LLC Filing 5",2395,5.0,3,2022,0,"39,895"
Bristol,499,348655,41435,"805 Magnolia Ridge Drive, Blountville, TN 37617",Northeast Tennessee,12200,17430,12/18/2024,125,Occupied,1/24/2025,11/14/2024,12/31/2025,12000,Long Term,"Arrived Homes 4, LLC Filing 5",2618,5.0,2.5,2024,0,"41,435"
Cher,496,329000,33906,"154 Southern Trail, Huntsville, AL 35811",Huntsville,9990,14270,2/11/2025,-100,Occupied,3/12/2025,12/12/2024,2/28/2026,10000,Long Term,"Arrived Homes 4, LLC Filing 5",2106,4.0,2,2024,0,"33,926"
Sonny,501,329000,33926,"153 Southern Trail, Huntsville, AL 35811",Huntsville,9990,14270,1/29/2025,-100,Occupied,2/28/2025,12/5/2024,1/31/2026,10000,Long Term,"Arrived Homes 4, LLC Filing 5",2106,4.0,2,2024,0,"33,926"
Satjanon,498,375920,44492,"8587 Dewberry Drive, Ooltewah, TN 37363",Chattanooga,13150,18790,3/31/2025,200,Occupied,3/10/2025,2/27/2025,3/31/2026,12000,Long Term,"Arrived Homes 4, LLC Filing 5",2164,3.0,2.5,2024,0,"44,552"
Gentry,514,342000,40674,"1220 Cole Drive, Talbott, TN 37887",Knoxville,11970,17100,1/30/2025,50,Occupied,12/18/2024,1/16/2025,1/31/2026,12000,Long Term,"Arrived Homes 4, LLC Filing 6",2872,4.0,3,2023,0,"40,674"
Shawnee,517,314900,37439,"9011 Auburn Woods Road, Louisville, KY 40214",Louisville,11020,15740,3/18/2025,100,Occupied,3/3/2025,2/13/2025,3/31/2026,12000,Long Term,"Arrived Homes 4, LLC Filing 6",2035,4.0,2.5,2024,0,"37,439"
Arcola,512,311350,36230,"3909 Arcola Way, Greensboro, NC 27405",Greensboro,10610,15160,2/27/2025,150,Occupied,2/20/2025,2/6/2025,2/28/2026,12000,Long Term,"Arrived Homes 4, LLC Filing 6",2013,4.0,2.5,2024,0,"36,230"
Troxler,516,311650,36270,"3513 Marksbury Drive, Greensboro, NC 27405",Greensboro,10620,15180,2/3/2025,225,Occupied,1/10/2025,1/23/2025,2/28/2026,12000,Long Term,"Arrived Homes 4, LLC Filing 6",2013,4.0,2.5,2023,0,"36,270"
Cranberry,515,315070,"37,216","2020 Southwood Circle, Morristown, TN 37813",Knoxville,11020,15750,3/21/2025,100,Occupied,2/21/2025,1/30/2025,3/31/2026,10000,Long Term,"Arrived Homes 4, LLC Filing 6",2174,4.0,2.5,2024,0,"37,216"
Holly,513,314990,37314,"2107 Hyacinth Lane, Hernando, MS 38632",Memphis,11020,15740,2/18/2025,0,Occupied,3/13/2025,1/30/2025,2/28/2026,10000,Long Term,"Arrived Homes 4, LLC Filing 6",2025,4.0,2,2024,0,"37,324"
Clark,491,330000,38231,"5726 Selah Street, Springdale, AR 72764",Northwest Arkansas,11250,16070,1/17/2025,-125,Occupied,2/14/2025,12/5/2024,1/31/2026,12000,Long Term,"Arrived Homes 5, LLC Filing 0",1952,4.0,2.5,2024,0,"38,231"
Lois,492,330000,38209,"3726 Pinecrest Street, Springdale, AR 72764",Northwest Arkansas,11250,16070,12/11/2024,275,Occupied,10/14/2024,11/26/2024,12/31/2025,12000,Long Term,"Arrived Homes 5, LLC Filing 0",1952,4.0,3,2024,0,"38,209"
Sambino,521,299925,35859,"551 Cox Hollow Rd, Kingsport, TN 37663",Northeast Tennessee,10490,14990,2/25/2025,100,Occupied,2/3/2025,2/13/2025,2/28/2026,12000,Long Term,"Arrived Homes 5, LLC Filing 1",2174,4.0,2.5,2023,0,"35,859"
Pumpkin,522,326325,38831,"2025 Southwood Circle, Morristown, TN 37813",Knoxville,11420,16310,3/31/2025,125,Occupied,3/4/2025,3/13/2025,3/31/2026,12000,Long Term,"Arrived Homes 5, LLC Filing 1",2361,5.0,3,2024,0,"38,831"
Troncos,523,350000,0,"1780 King Road, Centerton, AR 72719",Northwest Arkansas,12250,17500,,50,Occupied,4/1/2025,2/27/2025,,10000,Long Term,"Arrived Homes 5, LLC Filing 1",1852,4.0,2,2022,0,"41,277"
Goldfinger,520,566900,63956,"712 Gillan Way, Saratoga Springs, UT 84045",Salt Lake City,19240,27490,3/21/2025,,Vacant Unrented Ready,,2/20/2025,3/31/2026,10000,Long Term,"Arrived Homes 5, LLC Filing 1",3258,5.0,3,2024,0,"63,999"
Camphor,530,265000,0,"382 Center Field Dr, Tuscaloosa, AL 35405",Tuscaloosa,9270,13250,,,Vacant Unrented Ready,,3/20/2025,,10000,Long Term,"Arrived Homes 5, LLC Filing 2",1915,4.0,2,2020,0,"31,579"
Liam,528,430000,0,"9155 Carswell St, North Chesterfield, VA 23237",Richmond,15050,21500,,250,Occupied,4/14/2025,3/27/2025,,12000,Long Term,"Arrived Homes 5, LLC Filing 2",2871,4.0,2.5,2018,0,"50,889"
Alex,527,348675,0,"7623 S. Canyon Sage Court, Tucson, AZ 85757",Tuscon,12200,17430,,,Vacant Unrented Ready,,4/3/2025,,10000,Long Term,"Arrived Homes 5, LLC Filing 2",2327,5.0,3,2025,0,"41,113"
Sinalda,531,388949,45707,"24609 W. Alta Vista Road , Buckeye, AZ 85326",Phoenix,13610,19440,4/15/2025,,Vacant Unrented Ready,,3/20/2025,4/30/2026,10000,Long Term,"Arrived Homes 5, LLC Filing 2",2269,5.0,2.5,2025,0,"45,707"
Lenka,529,330000,0,"3600 Chaparral Court, Louisville, KY 40229",Louisville,11550,16500,,200,Occupied,4/18/2025,3/27/2025,,10000,Long Term,"Arrived Homes 5, LLC Filing 2",2606,4.0,2.5,2025,0,"38,994"
Tyrell,539,321485,0,"3085 Highline Drive SW, McDonald, TN 37353",Chattanooga,11250,16070,,,Vacant Unrented Ready,,4/22/2025,,12000,Long Term,"Arrived Homes 5, LLC Filing 3",1991,4.0,2.5,2025,0,"38,327"
Tully,538,481105,0,"633 85th Avenue Court, Greeley, CO 80634",Denver,16830,24050,,,Vacant Unrented Ready,,4/22/2025,,12000,Long Term,"Arrived Homes 5, LLC Filing 3",2851,4.0,2.5,2025,0,"56,294"
Wasilla,540,415000,0,"7114 Wasilla Drive NE, Rio Rancho, NM 87144",Albuquerque,14520,20750,,,Vacant Unrented Ready,,4/22/2025,,15000,Long Term,"Arrived Homes 5, LLC Filing 3",2531,4.0,2.5,2015,0,"49,308"
Glo,445,225000,11552,"137 Hay Meadow Ln, Columbia, SC 29209",Columbia,7870,17250,4/15/2024,125,Occupied,5/13/2023,4/5/2024,10/31/2024,5000,Long Term,"Arrived Homes Duo, LLC Drop 1",1450,3.0,2,2017,67.82,"11,552"
Langosta,444,249281,29620,"29306 E. 80th Street South, Broken Arrow, OK 74014",Tulsa,8720,12460,4/16/2024,-125,Occupied,6/14/2024,4/5/2024,10/31/2024,10000,Long Term,"Arrived Homes Duo, LLC Drop 1",1691,4.0,2,2023,0,"29,620"
Hardy,446,343120,40282,"1161 Ridge Parke, Kingsport, TN 37663",Knoxville,12000,17150,4/15/2024,125,Occupied,10/4/2024,4/5/2024,10/31/2024,11000,Long Term,"Arrived Homes Duo, LLC Drop 1",2361,5.0,3,2024,0,"40,282"
Scottsville,452,332000,38969,"424 Vining Court, Bowling Green, KY 42104",Bowling Green,11620,16600,4/16/2024,,Vacant Unrented Ready,,4/5/2024,10/31/2024,11500,Long Term,"Arrived Homes Duo, LLC Drop 1",2427,4.0,2.5,2018,0,"38,969"
Ryland,447,410000,48138,"10675 Fremont Drive, Independence, KY 41051",Cincinnati,14350,20500,4/16/2024,250,Occupied,5/21/2024,4/5/2024,10/31/2024,15000,Long Term,"Arrived Homes Duo, LLC Drop 1",2909,5.0,3,2019,0,"48,138"
Fendley,453,176000,21218,"1519 West 15th Street, North Little Rock, AR 72114",Little Rock,6160,8800,4/22/2024,5,Occupied,8/7/2024,4/11/2024,10/31/2024,9500,Long Term,"Arrived Homes Duo, LLC Drop 2",1250,3.0,2,2024,0,"21,218"
Manitoba,454,388500,45503,"3533 Wild Horse Road NE, Rio Rancho, NM 87144",Albuquerque,13590,19420,4/22/2024,275,Occupied,6/7/2024,4/11/2024,10/31/2024,12000,Long Term,"Arrived Homes Duo, LLC Drop 2",2522,5.0,3,2019,0,"45,503"
Caroline,455,340000,39523,"332 Caroline Court, Talbott, TN 37877",Knoxville,11900,17000,4/29/2024,250,Occupied,4/12/2024,4/18/2024,10/31/2024,7000,Long Term,"Arrived Homes Duo, LLC Drop 3",2687,5.0,3,2020,0,"39,523"
Grayson,456,282600,33271,"961 Grayson Avenue, Hinesville, GA 31313",Savannah,9890,14130,4/29/2024,100,Occupied,5/16/2024,4/18/2024,10/31/2024,10500,Long Term,"Arrived Homes Duo, LLC Drop 3",2104,4.0,2.5,2024,0,"33,271"
Bancroft,457,381634,44694,"3058 Highline Drive SW, McDonald, TN 37353",Chattanooga,13350,19080,5/8/2024,0,Occupied,1/24/2025,4/26/2024,11/30/2024,11500,Long Term,"Arrived Homes Duo, LLC Drop 4",2511,5.0,3,2024,0,"44,694"
Glen,458,176000,21320,"1510 Chandler Street, North Little Rock, AR 72114",Little Rock,6160,8800,5/14/2024,0,Occupied,8/27/2024,5/2/2024,11/30/2024,10500,Long Term,"Arrived Homes Duo, LLC Drop 5",1250,3.0,2,2024,0,"21,320"
Oasis,185,975000,73122,"964 Youngs Lane, Nashville, TN 37207",Nashville,48750,58500,10/31/2022,,STR - Actively Booking,,9/7/2022,10/31/2023,73000,Short Term / Vacation,"Arrived STR, LLC Filing 0",1772,4.0,4,2020,50,"73,122"
Mirage,191,629900,84080,"62432 Golden Street, Joshua Tree, CA 92252",Joshua Tree,31490,37790,10/31/2022,,STR - Actively Booking,,9/8/2022,10/31/2023,92000,Short Term / Vacation,"Arrived STR, LLC Filing 1",1666,4.0,2,2005,0,"84,080"
Cardinal,189,744000,66140,"6085 North 85th Avenue, Glendale, AZ 85305",Phoenix,37200,44640,10/31/2022,,STR - Actively Booking,,9/8/2022,10/31/2023,101600,Short Term / Vacation,"Arrived STR, LLC Filing 1",4108,6.0,4,2001,42,"66,140"
Ace,188,1050000,89062,"14249 N. 49th Street, Scottsdale, AZ 85254",Scottsdale,52500,63000,11/10/2022,,STR - Actively Booking,,9/8/2022,11/30/2023,100000,Short Term / Vacation,"Arrived STR, LLC Filing 1",2467,5.0,3,1979,42,"89,062"
Orchard,190,550000,82848,"109 Jonagold Lane, Blue Ridge, GA 30513",Blue Ridge,27500,33000,10/31/2022,,STR - Actively Booking,,9/8/2022,10/31/2023,176000,Short Term / Vacation,"Arrived STR, LLC Filing 1",2912,3.0,3,2013,0,"82,848"
Hammock,187,540000,61438,"10736 Frances Lane, Largo, FL 33774",Clearwater,27000,32400,10/31/2022,,STR - Actively Booking,,9/12/2022,10/31/2023,191000,Short Term / Vacation,"Arrived STR, LLC Filing 1",1732,3.0,2,1986,0,"61,438"
Pointbreak,186,375000,44686,"6410 Sunset Avenue #A & #B, Panama City Beach, FL 32408",Panama City,18750,38070,10/31/2022,,STR - Actively Booking,,9/12/2022,10/31/2023,137000,Short Term / Vacation,"Arrived STR, LLC Filing 1",1280,2.0,2,1984,42,"44,686"
Billingswood,302,775000,111979,"166 Billingswood Point, Athens, NY 12015",Catskill Mountains,38750,46500,6/26/2023,,STR - Actively Booking,,5/23/2023,6/30/2024,188400,Short Term / Vacation,"Arrived STR, LLC Filing 10",2274,3.0,2.5,1991,0,"111,979"
Smokey,303,745000,98275,"2532 Dogwood Loop Drive, Sevierville, TN 37876",Great Smoky Mountains,37250,44700,6/26/2023,,STR - Actively Booking,,5/23/2023,6/30/2024,99280,Short Term / Vacation,"Arrived STR, LLC Filing 10",2480,3.0,3.5,2023,0,"98,275"
Solstice,347,724000,102874,"566 Sunset Road, Lake Ozark, MO 65049",Lake Ozark,36200,43440,8/25/2023,,STR - Actively Booking,,7/18/2023,8/31/2024,167400,Short Term / Vacation,"Arrived STR, LLC Filing 11",1900,4.0,3,2022,0,"102,874"
SuiteSpot,353,900000,124251,"8133 E Osborn Road, Scottsdale, AZ 85251",Scottsdale,45000,54000,9/16/2023,,STR - Actively Booking,,8/30/2023,9/30/2024,174000,Short Term / Vacation,"Arrived STR, LLC Filing 12",1864,4.0,3,1970,0,"124,251"
Cactus,196,1048500,89301,"5108 E Janice Way, Scottsdale, AZ 85254",Scottsdale,52420,62910,11/10/2022,,STR - Actively Booking,,10/12/2022,11/30/2023,103960,Short Term / Vacation,"Arrived STR, LLC Filing 2",2287,4.0,3,1984,0,"89,301"
Opry,197,1100000,92908,"3226 Charlotte Avenue, Nashville, TN 37209",Nashville,55000,66000,11/10/2022,,STR - Actively Booking,,10/12/2022,11/30/2023,94600,Short Term / Vacation,"Arrived STR, LLC Filing 2",2024,4.0,5.5,2022,42,"92,908"
Serenity,203,1095000,102234,"32 San Patricio Dr, Sedona, AZ 86336",Sedona,54750,65700,12/27/2022,,STR - Actively Booking,,10/27/2022,12/31/2023,219400,Short Term / Vacation,"Arrived STR, LLC Filing 3",3409,4.0,3,1979,45,"102,234"
Sugarcreek,204,420000,37020,"555 Sugar Creek Road, Blue Ridge, GA 30513",Blue Ridge,21000,25200,12/19/2022,,STR - Actively Booking,,10/27/2022,12/31/2023,81200,Short Term / Vacation,"Arrived STR, LLC Filing 3",2069,3.0,3,1952,50,"37,020"
Lakeridge,202,565000,49038,"105 Lake Ridge Drive, Blue Ridge, GA 30513",Blue Ridge,28250,33900,12/27/2022,,STR - Actively Booking,,11/10/2022,12/31/2023,101800,Short Term / Vacation,"Arrived STR, LLC Filing 3",2530,4.0,3,2001,50,"49,038"
Palm,205,625000,63295,"2299 Kentucky Street, West Palm Beach, FL 33406",Palm Beach,31250,37500,11/23/2022,,STR - Actively Booking,,10/27/2022,11/30/2023,193000,Short Term / Vacation,"Arrived STR, LLC Filing 3",1692,3.0,2,1976,50,"63,295"
Havasu,208,1050000,91802,"520 Jones Drive, Havasu City, AZ 86406",Lake Havasu City,52500,63000,12/27/2022,,STR - Actively Booking,,11/10/2022,12/31/2023,150800,Short Term / Vacation,"Arrived STR, LLC Filing 4",3152,5.0,4,2003,45,"91,802"
Regal,213,950000,80438,"2635 King Hollow Road, Sevierville, TN 37876",Great Smoky Mountains,47500,57000,1/31/2023,,STR - Actively Booking,,12/15/2022,1/31/2024,148280,Short Term / Vacation,"Arrived STR, LLC Filing 5",2765,5.0,4,2018,50,"80,438"
Lodge,220,1030000,142658,"33 Lost Creek Trail, Broken Bow, OK 74728",Broken Bow,51500,61800,3/2/2023,,STR - Actively Booking,,2/14/2023,3/31/2024,201400,Short Term / Vacation,"Arrived STR, LLC Filing 6",3650,6.0,6,2022,0,"142,658"
Myrtle,236,405000,"64,479","708A Mitchell Drive, Myrtle Beach, SC 29577",Myrtle Beach,20250,24300,3/2/2023,,STR - Actively Booking,,2/14/2023,3/31/2024,157000,Short Term / Vacation,"Arrived STR, LLC Filing 6",1600,4.0,3,2004,0,"64,479"
Kinlani,237,750000,98397,"1280 W Shullenbarger Drive, Flagstaff, AZ 86005",Flagstaff,37500,45000,3/2/2023,,STR - Actively Booking,,2/14/2023,3/31/2024,97600,Short Term / Vacation,"Arrived STR, LLC Filing 6",1920,3.0,2,2022,0,"98,397"
Hickorybear,238,720000,100231,"111 Bear Hickory Trail, Broken Bow, OK 74728",Broken Bow,36000,43200,3/3/2023,,STR - Actively Booking,,2/14/2023,3/31/2024,146000,Short Term / Vacation,"Arrived STR, LLC Filing 6",1811,3.0,4,2022,0,"100,231"
Pasquin,255,450000,73156,"126 Pasquin Drive, East Stroudsburg, PA 18301",Pocono Mountains,22500,27000,3/23/2023,,STR - Actively Booking,,2/23/2023,3/31/2024,172600,Short Term / Vacation,"Arrived STR, LLC Filing 7",2262,6.0,3,2001,0,"73,156"
Coolbaugh,258,420000,71169,"101 Coolbaugh Road, East Stroudsburg, PA 18302",Pocono Mountains,21000,25200,3/30/2023,,STR - Actively Booking,,3/13/2023,3/31/2024,187360,Short Term / Vacation,"Arrived STR, LLC Filing 8",3064,5.0,4,1984,0,"71,169"
Longbranch,257,805000,112529,"2105 Pine Hills Road, Broken Bow, OK 74728",Broken Bow,40250,48300,3/30/2023,,STR - Actively Booking,,3/13/2023,3/31/2024,167000,Short Term / Vacation,"Arrived STR, LLC Filing 8",2410,5.0,4,2022,0,"112,529"
Koi,256,675000,102740,"5921 E Thunderbird Road, Scottsdale, AZ 85254",Scottsdale,33750,40500,3/30/2023,,STR - Actively Booking,,3/13/2023,3/31/2024,221000,Short Term / Vacation,"Arrived STR, LLC Filing 8",2355,4.0,3,1978,0,"102,740"
Loop,269,650000,90947,"454 Loop Road, Gatlinburg, TN 37738",Great Smoky Mountains,32500,39000,4/11/2023,,STR - Actively Booking,,3/27/2023,4/30/2024,136000,Short Term / Vacation,"Arrived STR, LLC Filing 9",1976,4.0,4,1963,0,"90,947"
Pickler,270,1100000,149859,"6001 E Corrine Drive, Scottsdale, AZ 85254",Scottsdale,55000,66000,4/19/2023,,STR - Actively Booking,,3/27/2023,4/30/2024,196840,Short Term / Vacation,"Arrived STR, LLC Filing 9",2336,4.0,3,1973,0,"149,859"
Pinkshell,259,825000,109234,"5814 Beach Drive, Panama City Beach, FL 32408",Panama City,41250,49500,4/25/2023,,STR - Actively Booking,,3/27/2023,4/30/2024,110200,Short Term / Vacation,"Arrived STR 2, LLC Filing 0",2250,4.0,4,2022,0,"109,234"
Alta,288,795000,109948,"30 Alta Road, Angel Fire, NM 87710",Angel Fire,39750,47700,5/23/2023,,STR - Actively Booking,,4/28/2023,5/31/2024,155800,Short Term / Vacation,"Arrived STR 2, LLC Filing 1",3220,4.0,4.5,1987,0,"109,948"
Vita,289,510000,77573,"52 Reynolda Drive, Asheville, NC 28803",Asheville,25500,30600,5/18/2023,,Disposition Vacant Not Ready,,4/28/2023,5/31/2024,166200,Short Term / Vacation,"Arrived STR 2, LLC Filing 1",2976,4.0,4,1978,0,"77,643"
Preciosa,290,875000,119854,"5002 E Paradise Drive, Scottsdale, AZ 85254",Scottsdale,43750,52500,6/27/2023,,STR - Actively Booking,,5/23/2023,6/30/2024,161000,Short Term / Vacation,"Arrived STR 2, LLC Filing 1",2009,4.0,2.5,1973,0,"119,854"
Seafoam,299,815000,109958,"319 Wisteria Lane, Panama City Beach, FL 32413",Panama City,40750,48900,6/9/2023,,STR - Actively Booking,,5/11/2023,6/30/2024,124800,Short Term / Vacation,"Arrived STR 2, LLC Filing 2",2256,4.0,3.5,2022,0,"109,958"
Tiara,300,725000,100670,"10 Tiara Lane, Murrells Inlet, SC 29576",Myrtle Beach,36250,43500,6/2/2023,,STR - Actively Booking,,5/11/2023,6/30/2024,144000,Short Term / Vacation,"Arrived STR 2, LLC Filing 2",2763,5.0,4,2002,0,"100,670"
Coquina,301,745000,101201,"23A May Street, St. Augustine, FL 32084",St. Augustine,37250,44700,6/26/2023,,STR - Actively Booking,,5/11/2023,6/30/2024,120000,Short Term / Vacation,"Arrived STR 2, LLC Filing 2",2104,4.0,2.5,2018,0,"101,201"
Sandbar,309,835000,112344,"238 14th Street, Panama City Beach, FL 32413",Panama City,41750,50100,8/12/2023,,STR - Actively Booking,,6/27/2023,8/31/2024,124800,Short Term / Vacation,"Arrived STR 2, LLC Filing 3",2256,4.0,3.5,2023,0,"112,344"
Knoll,310,1015400,142129,"116 Church Street, Weaverville, NC 28787",Asheville,50770,60920,8/22/2023,,STR - Actively Booking,,6/15/2023,8/31/2024,216000,Short Term / Vacation,"Arrived STR 2, LLC Filing 3",3345,6.0,5,2021,0,"142,129"
BeatBox,425,739500,106918,"4406 S. Stanley Place, Tempe, AZ 85282",Phoenix,36970,44370,10/11/2024,,STR - Actively Booking,,9/18/2024,10/31/2025,197400,Short Term / Vacation,"Arrived STR 2, LLC Filing 4",3082,6.0,3.5,1971,0,"106,918"
Solano,465,1030000,142329,"8638 E Solano Drive, Scottsdale, AZ 85250",Scottsdale,51500,61800,11/14/2024,,STR - Actively Booking,,10/17/2024,11/30/2025,212400,Short Term / Vacation,"Arrived STR 2, LLC Filing 4",2300,5.0,3,1962,0,"142,329"
Byers,490,400000,123388,"149 Coastline Road, Fayetteville, GA 30214",Atlanta,20000,95000,12/11/2024,,STR - Actively Booking,,10/29/2024,12/31/2025,632159,Short Term / Vacation,"Arrived STR 2, LLC Filing 5",1846,3.0,2,1900,0,"106,353"
